header,content,topic,date,index,source
Kai Havertz Injury Update: Arsenal Forward Expected to Contribute in Title Run-In,"Arsenal's Kai Havertz could still make an impact this season despite suffering a muscle injury during the match against Newcastle United. Manager Mikel Arteta described the injury as a minor 'niggle' and remains hopeful about Havertz's return. With Arsenal in a tight title race, Havertz's potential comeback provides a timely boost for the Gunners.",Injury News,2026-04-28 13:43,0,"{'id': '06081241f2c2495ab509bbab5933ec58', 'name': 'Sports Mole', 'url': 'https://www.sportsmole.co.uk', 'country': 'gb'}"
Bruno Fernandes Nears Premier League Assist Record as Manchester United Beat Brentford,"Manchester United captain Bruno Fernandes moved closer to breaking the Premier League's single-season assist record during their 2-1 victory over Brentford. Fernandes set up Benjamin Sesko for United's second goal, consolidating their position in the race for Champions League qualification. With his consistent performances, Fernandes is also a strong contender for the Premier League Player of the Year award.",Match News,2026-04-28 13:43,1,"{'id': 'b419a989918b3665a34559f5047546b6', 'name': 'The Sunday Times', 'url': 'https://www.thetimes.com', 'country': 'gb'}"
Manchester United Strengthen Champions League Prospects with Win Over Brentford,"Manchester United secured a vital 2-1 win over Brentford, moving them closer to a Champions League spot. Goals from Casemiro and Benjamin Sesko were enough to see off the Bees, as interim manager Michael Carrick continues to impress. United now need just one point from their remaining games to guarantee a top-four finish.",Match News,2026-04-28 13:43,2,"{'id': 'f35c9e0c433f608ad7c48c3d4818bec4', 'name': 'The Sun', 'url': 'https://www.thesun.co.uk', 'country': 'gb'}"
Manchester City Request Fixture Changes Amid Title Race with Arsenal,"Manchester City have requested the Premier League reschedule their remaining fixtures to alleviate a congested schedule as they chase a domestic treble. The discussions come ahead of crucial matches against Bournemouth and Arsenal, which could determine the outcome of the title race.",General News,2026-04-28 13:43,3,"{'id': '109f2b4a20da4fe1c2fd502b03c07243', 'name': 'BBC News', 'url': 'https://www.bbc.com', 'country': 'gb'}"
Tony Parkes Remembered: Blackburn Rovers Stalwart Passes Away,"Tony Parkes, a long-serving player and coach for Blackburn Rovers, has passed away. Parkes was a key figure during Blackburn's Premier League title-winning season in 1994-95, serving as caretaker manager on six occasions. His dedication and influence at the club are fondly remembered by fans and colleagues alike.",General News,2026-04-28 13:43,4,"{'id': 'edd1456bab98853885c1ec33fdf1b15d', 'name': 'SPORTbible', 'url': 'https://www.sportbible.com', 'country': 'gb'}"
Chelsea Managerial Search Intensifies Following Rosenior's Departure,"Chelsea are actively seeking a new head coach after parting ways with Liam Rosenior. The club is reportedly considering several candidates, including Xabi Alonso, Marco Silva, and Andoni Iraola, as they aim to stabilize their managerial position and improve on recent performances.",General News,2026-04-28 13:43,5,"{'id': '109f2b4a20da4fe1c2fd502b03c07243', 'name': 'BBC News', 'url': 'https://www.bbc.com', 'country': 'gb'}"
Missy Bo Kearns Shares Her Experience with Miscarriage,"Aston Villa and England midfielder Missy Bo Kearns has opened up about her recent miscarriage, describing it as a ""different type of grief."" Kearns praised the medical support she received from Aston Villa doctors, stating they ""probably saved my life"" during the ordeal. Her courage in discussing such a personal experience has drawn widespread support.",General News,2026-04-28 13:43,6,"{'id': '42b44cbbdcf925d62e8223d51c6b3655', 'name': 'talkSPORT.com', 'url': 'https://talksport.com', 'country': 'gb'}"
Tottenham's Premier League Survival at Stake Amid Injury Concerns,"Tottenham Hotspur's battle to avoid relegation has been complicated by a serious injury to midfielder Xavi Simons, who suffered a ruptured ACL. As they prepare for crucial fixtures against relegation rivals, Spurs face a pivotal summer with potential major transfer decisions hinging on their league status.",Injury News,2026-04-28 13:43,7,"{'id': 'e98e9648a83f865332ab00d9eab8cf1f', 'name': 'Evening Standard', 'url': 'https://www.standard.co.uk', 'country': 'gb'}"
Liverpool's Champions League Hopes Boosted by Win Over Crystal Palace,"Liverpool bolstered their chances of securing Champions League football next season with a 3-1 victory over Crystal Palace. Despite a late injury scare for Mohamed Salah, the win places Liverpool in a strong position to finish in the top four, with attention also on the club's managerial moves amid speculation of Steven Gerrard's potential return.",Match News,2026-04-28 13:43,8,"{'id': 'ae2702c2a2dec11fe1079f1a797d178a', 'name': 'Manchester Evening News', 'url': 'https://www.manchestereveningnews.co.uk', 'country': 'gb'}"
Newcastle United's Transfer Plans Under Scrutiny Amid Poor Form,"Newcastle United are exploring a summer squad rebuild following an underwhelming season that may see them miss out on European football. The club's management, including Eddie Howe, faces pressure to secure key signings and improve team performance to meet owner expectations and fan demands.",General News,2026-04-28 13:43,9,"{'id': 'f35c9e0c433f608ad7c48c3d4818bec4', 'name': 'The Sun', 'url': 'https://www.thesun.co.uk', 'country': 'gb'}"
Fulham Eyes European Qualification After Victory Over Aston Villa,"Fulham continued their push for European competition with a 1-0 win against Aston Villa, thanks to Ryan Sessegnon's decisive goal. Manager Marco Silva praised his team's resilience as they aim to maintain their form in the final stretch of the Premier League season.",Match News,2026-04-28 13:43,10,"{'id': 'f35c9e0c433f608ad7c48c3d4818bec4', 'name': 'The Sun', 'url': 'https://www.thesun.co.uk', 'country': 'gb'}"
Bournemouth Symphony Orchestra Launches Concert Series at Care Home,"Bournemouth Symphony Orchestra has announced a new initiative to bring monthly concerts to a care home in Poole. This 12-month partnership aims to enhance the lives of residents by providing regular live music performances, fostering community engagement and cultural enrichment.",General News,2026-04-28 13:43,11,"{'id': 'f35c9e0c433f608ad7c48c3d4818bec4', 'name': 'The Sun', 'url': 'https://www.thesun.co.uk', 'country': 'gb'}"
