,expected_goals,total_points,position,Full_Name,web_name,round,goals_scored,minutes,assists,clean_sheets,goals_conceded,yellow_cards,saves,bonus,defensive_contribution,expected_assists,expected_goal_involvements,expected_goals_conceded,value,team_name,GW,GOALS-XG,Assist-XA,XGI,XGI_delta,GOALSCONCEEDED-XGOALSCONCEEDED,defcon_hit,Type
0,0.0,6.0,GKP,David_Raya Martin,Raya,1.0,0.0,90.0,0.0,1.0,0.0,0.0,1.0,0.0,0.0,0.0,0.0,0.2,60.0,Arsenal,1,0.0,0.0,0.0,0.0,-0.2,0,Players
1,0.05,5.0,DEF,Gabriel_dos Santos Magalhães,Gabriel,1.0,0.0,90.0,0.0,1.0,0.0,1.0,0.0,0.0,4.0,0.01,0.06,0.2,80.0,Arsenal,1,-0.05,-0.01,0.060000000000000005,-0.060000000000000005,-0.2,0,Players
2,0.06,3.0,MID,Myles_Lewis-Skelly,Lewis-Skelly,1.0,0.0,90.0,0.0,1.0,0.0,0.0,0.0,0.0,7.0,0.11,0.17,0.2,55.0,Arsenal,1,-0.06,-0.11,0.16999999999999998,-0.16999999999999998,-0.2,0,Players
3,0.04,9.0,DEF,Riccardo_Calafiori,Calafiori,1.0,0.0,80.0,1.0,1.0,0.0,0.0,0.0,0.0,5.0,0.09,0.13,0.06,55.0,Arsenal,1,-0.04,0.91,0.13,0.87,-0.06,0,Players
4,0.0,1.0,DEF,Piero_Hincapié,Hincapie,1.0,0.0,9.0,0.0,0.0,0.0,0.0,0.0,0.0,0.0,0.0,0.0,0.15,55.0,Arsenal,1,0.0,0.0,0.0,0.0,-0.15,0,Players
5,0.18,11.0,DEF,Benjamin_White,White,1.0,0.0,90.0,1.0,1.0,0.0,0.0,0.0,2.0,5.0,0.21,0.39,0.2,55.0,Arsenal,1,-0.18,0.79,0.39,0.61,-0.2,0,Players
6,0.0,6.0,DEF,Cristhian_Mosquera,Mosquera,1.0,0.0,90.0,0.0,1.0,0.0,0.0,0.0,0.0,6.0,0.0,0.0,0.2,55.0,Arsenal,1,0.0,0.0,0.0,0.0,-0.2,0,Players
7,0.64,9.0,MID,Bukayo_Saka,Saka,1.0,1.0,67.0,0.0,1.0,0.0,0.0,0.0,1.0,7.0,0.08,0.72,0.06,95.0,Arsenal,1,0.36,-0.08,0.72,0.28,-0.06,0,Players
8,0.07,3.0,MID,Declan_Rice,Rice,1.0,0.0,67.0,0.0,1.0,0.0,0.0,0.0,0.0,6.0,0.08,0.15,0.06,75.0,Arsenal,1,-0.07,-0.08,0.15000000000000002,-0.15000000000000002,-0.06,0,Players
9,0.04,1.0,MID,Eberechi_Eze,Eze,1.0,0.0,14.0,0.0,0.0,0.0,0.0,0.0,0.0,2.0,0.0,0.04,0.15,65.0,Arsenal,1,-0.04,0.0,0.04,-0.04,-0.15,0,Players
10,0.21,11.0,MID,Martin_Ødegaard,Ødegaard,1.0,1.0,75.0,0.0,1.0,0.0,0.0,0.0,3.0,8.0,0.1,0.31,0.06,65.0,Arsenal,1,0.79,-0.1,0.31,0.69,-0.06,0,Players
11,0.0,1.0,MID,Noni_Madueke,Madueke,1.0,0.0,22.0,0.0,0.0,0.0,0.0,0.0,0.0,2.0,0.04,0.04,0.15,65.0,Arsenal,1,0.0,-0.04,0.04,-0.04,-0.15,0,Players
12,0.14,1.0,MID,Mikel_Merino Zazón,Merino,1.0,0.0,14.0,0.0,0.0,0.0,0.0,0.0,0.0,2.0,0.02,0.16,0.15,60.0,Arsenal,1,-0.14,-0.02,0.16,-0.16,-0.15,0,Players
13,0.0,1.0,MID,Martín_Zubimendi Ibáñez,Zubimendi,1.0,0.0,22.0,0.0,0.0,0.0,0.0,0.0,0.0,3.0,0.02,0.02,0.15,55.0,Arsenal,1,0.0,-0.02,0.02,-0.02,-0.15,0,Players
14,0.26,6.0,FWD,Kai_Havertz,Havertz,1.0,1.0,90.0,0.0,1.0,0.0,0.0,0.0,0.0,2.0,0.03,0.29,0.2,75.0,Arsenal,1,0.74,-0.03,0.29000000000000004,0.71,-0.2,0,Players
15,0.19,6.0,MID,Christos_Tzolis,Tzolis,1.0,0.0,75.0,1.0,1.0,0.0,0.0,0.0,0.0,6.0,0.14,0.33,0.06,65.0,Arsenal,1,-0.19,0.86,0.33,0.6699999999999999,-0.06,0,Players
16,0.0,1.0,GKP,Marco_Bizot,M.Bizot,1.0,0.0,90.0,0.0,0.0,4.0,0.0,3.0,0.0,0.0,0.0,0.0,3.77,45.0,Aston Villa,1,0.0,0.0,0.0,0.0,0.22999999999999998,0,Players
17,0.0,-1.0,DEF,Matty_Cash,Cash,1.0,0.0,90.0,0.0,0.0,4.0,1.0,0.0,0.0,7.0,0.0,0.0,3.77,45.0,Aston Villa,1,0.0,0.0,0.0,0.0,0.22999999999999998,0,Players
18,0.0,1.0,DEF,Tyrone_Mings,Mings,1.0,0.0,16.0,0.0,0.0,0.0,0.0,0.0,0.0,1.0,0.0,0.0,0.22,45.0,Aston Villa,1,0.0,0.0,0.0,0.0,-0.22,0,Players
19,0.0,0.0,DEF,Pau_Torres,Pau,1.0,0.0,73.0,0.0,0.0,4.0,0.0,0.0,0.0,5.0,0.0,0.0,3.55,45.0,Aston Villa,1,0.0,0.0,0.0,0.0,0.4500000000000002,0,Players
20,0.0,1.0,MID,Lamare_Bogarde,Bogarde,1.0,0.0,16.0,0.0,0.0,0.0,0.0,0.0,0.0,1.0,0.0,0.0,0.22,50.0,Aston Villa,1,0.0,0.0,0.0,0.0,-0.22,0,Players
21,0.03,0.0,DEF,Ian_Maatsen,Maatsen,1.0,0.0,81.0,0.0,0.0,4.0,0.0,0.0,0.0,9.0,0.0,0.03,3.62,45.0,Aston Villa,1,-0.03,0.0,0.03,-0.03,0.3799999999999999,0,Players
22,0.0,-2.0,DEF,Victor_Lindelöf,Lindelöf,1.0,0.0,90.0,0.0,0.0,4.0,0.0,0.0,0.0,3.0,0.0,0.0,3.77,45.0,Aston Villa,1,0.0,0.0,0.0,0.0,0.22999999999999998,0,Players
23,0.13,2.0,MID,Emiliano_Buendía Stati,Buendía,1.0,0.0,85.0,0.0,0.0,4.0,0.0,0.0,0.0,7.0,0.09,0.22,3.62,60.0,Aston Villa,1,-0.13,-0.09,0.22,-0.22,0.3799999999999999,0,Players
24,0.04,1.0,MID,John_McGinn,McGinn,1.0,0.0,81.0,0.0,0.0,4.0,1.0,0.0,0.0,6.0,0.01,0.05,3.62,55.0,Aston Villa,1,-0.04,-0.01,0.05,-0.05,0.3799999999999999,0,Players
25,0.1,2.0,MID,Ross_Barkley,Barkley,1.0,0.0,73.0,0.0,0.0,4.0,0.0,0.0,0.0,1.0,0.02,0.12,3.55,50.0,Aston Villa,1,-0.1,-0.02,0.12000000000000001,-0.12000000000000001,0.4500000000000002,0,Players
26,0.0,2.0,MID,Boubacar_Kamara,Kamara,1.0,0.0,90.0,0.0,0.0,4.0,0.0,0.0,0.0,7.0,0.0,0.0,3.77,50.0,Aston Villa,1,0.0,0.0,0.0,0.0,0.22999999999999998,0,Players
27,0.0,2.0,MID,George_Hemmings,George Hemmings,1.0,0.0,90.0,0.0,0.0,4.0,0.0,0.0,0.0,5.0,0.0,0.0,3.77,45.0,Aston Villa,1,0.0,0.0,0.0,0.0,0.22999999999999998,0,Players
28,0.0,1.0,MID,Alysson Edward Franco_da Rocha dos Santos,0,1.0,0.0,8.0,0.0,0.0,0.0,0.0,0.0,0.0,3.0,0.0,0.0,0.14,50.0,Aston Villa,1,0.0,0.0,0.0,0.0,-0.14,0,Players
29,0.0,-2.0,MID,Joao_Gomes,Gomes,1.0,0.0,39.0,0.0,0.0,4.0,0.0,0.0,0.0,7.0,0.01,0.01,2.58,55.0,Aston Villa,1,0.0,-0.01,0.01,-0.01,1.42,0,Players
30,0.0,1.0,MID,Alejandro_Garnacho,Garnacho,1.0,0.0,4.0,0.0,0.0,0.0,0.0,0.0,0.0,0.0,0.0,0.0,0.14,60.0,Aston Villa,1,0.0,0.0,0.0,0.0,-0.14,0,Players
31,0.0,1.0,DEF,Matteo_Ruggeri,Ruggeri,1.0,0.0,8.0,0.0,0.0,0.0,0.0,0.0,0.0,2.0,0.0,0.0,0.14,45.0,Aston Villa,1,0.0,0.0,0.0,0.0,-0.14,0,Players
32,0.0,2.0,GKP,Đorđe_Petrović,Petrović,1.0,0.0,90.0,0.0,0.0,2.0,0.0,4.0,0.0,0.0,0.0,0.0,2.25,45.0,Bournemouth,1,0.0,0.0,0.0,0.0,-0.25,0,Players
33,0.0,1.0,DEF,James_Hill,Hill,1.0,0.0,90.0,0.0,0.0,2.0,0.0,0.0,0.0,6.0,0.0,0.0,2.25,55.0,Bournemouth,1,0.0,0.0,0.0,0.0,-0.25,0,Players
34,0.0,1.0,DEF,Adrien_Truffert,Truffert,1.0,0.0,90.0,0.0,0.0,2.0,0.0,0.0,0.0,7.0,0.0,0.0,2.25,55.0,Bournemouth,1,0.0,0.0,0.0,0.0,-0.25,0,Players
35,0.0,1.0,DEF,Adam_Smith,Smith,1.0,0.0,90.0,0.0,0.0,2.0,0.0,0.0,0.0,5.0,0.0,0.0,2.25,45.0,Bournemouth,1,0.0,0.0,0.0,0.0,-0.25,0,Players
36,0.04,2.0,MID,Rayan Vitor_Simplício Rocha,0,1.0,0.0,88.0,0.0,0.0,1.0,0.0,0.0,0.0,1.0,0.03,0.07,2.06,65.0,Bournemouth,1,-0.04,-0.03,0.07,-0.07,-1.06,0,Players
37,0.4,10.0,MID,Marcus_Tavernier,Tavernier,1.0,1.0,90.0,0.0,0.0,2.0,0.0,0.0,3.0,8.0,0.08,0.48,2.25,60.0,Bournemouth,1,0.6,-0.08,0.48000000000000004,0.52,-0.25,0,Players
38,0.0,2.0,MID,Alex_Scott,Scott,1.0,0.0,90.0,0.0,0.0,2.0,0.0,0.0,0.0,11.0,0.01,0.01,2.25,60.0,Bournemouth,1,0.0,-0.01,0.01,-0.01,-0.25,0,Players
39,0.11,3.0,MID,Justin_Kluivert,Kluivert,1.0,0.0,74.0,0.0,1.0,0.0,0.0,0.0,0.0,9.0,0.0,0.11,1.94,60.0,Bournemouth,1,-0.11,0.0,0.11,-0.11,-1.94,0,Players
40,0.0,3.0,MID,Lewis_Cook,Cook,1.0,0.0,75.0,0.0,1.0,0.0,0.0,0.0,0.0,7.0,0.0,0.0,1.94,50.0,Bournemouth,1,0.0,0.0,0.0,0.0,-1.94,0,Players
41,0.0,1.0,MID,Ben_Gannon-Doak,Gannon-Doak,1.0,0.0,1.0,0.0,0.0,1.0,0.0,0.0,0.0,1.0,0.0,0.0,0.19,50.0,Bournemouth,1,0.0,0.0,0.0,0.0,0.81,0,Players
42,0.0,1.0,MID,Tyler_Adams,Adams,1.0,0.0,15.0,0.0,0.0,2.0,0.0,0.0,0.0,3.0,0.0,0.0,0.31,50.0,Bournemouth,1,0.0,0.0,0.0,0.0,1.69,0,Players
43,0.0,1.0,MID,Alex_Tóth,Tóth.A,1.0,0.0,15.0,0.0,0.0,2.0,0.0,0.0,0.0,2.0,0.0,0.0,0.31,50.0,Bournemouth,1,0.0,0.0,0.0,0.0,1.69,0,Players
44,0.0,4.0,FWD,Francisco_Evanilson de Lima Barbosa,Evanilson,1.0,0.0,74.0,1.0,1.0,0.0,1.0,0.0,0.0,8.0,0.21,0.21,1.94,60.0,Bournemouth,1,0.0,0.79,0.21,0.79,-1.94,0,Players
45,0.0,2.0,DEF,António João_Pereira de Albuquerque Tavares da Silva,0,1.0,0.0,90.0,0.0,0.0,2.0,1.0,0.0,0.0,13.0,0.0,0.0,2.25,50.0,Bournemouth,1,0.0,0.0,0.0,0.0,-0.25,1,Players
46,0.1,1.0,FWD,Daniel_Jebbison,Jebbison,1.0,0.0,15.0,0.0,0.0,2.0,0.0,0.0,0.0,1.0,0.0,0.1,0.31,50.0,Bournemouth,1,-0.1,0.0,0.1,-0.1,1.69,0,Players
47,0.0,7.0,GKP,Caoimhín_Kelleher,Kelleher,1.0,0.0,90.0,0.0,1.0,0.0,0.0,4.0,0.0,0.0,0.01,0.01,0.57,50.0,Brentford,1,0.0,-0.01,0.01,-0.01,-0.57,0,Players
48,0.34,6.0,DEF,Nathan_Collins,Collins,1.0,0.0,90.0,0.0,1.0,0.0,0.0,0.0,0.0,3.0,0.04,0.38,0.57,55.0,Brentford,1,-0.34,-0.04,0.38,-0.38,-0.57,0,Players
49,0.77,10.0,MID,Keane_Lewis-Potter,Lewis-Potter,1.0,1.0,90.0,0.0,1.0,0.0,0.0,0.0,2.0,10.0,0.12,0.89,0.57,55.0,Brentford,1,0.22999999999999998,-0.12,0.89,0.10999999999999999,-0.57,0,Players
50,0.11,8.0,DEF,Kristoffer_Ajer,Ajer,1.0,0.0,90.0,0.0,1.0,0.0,0.0,0.0,0.0,10.0,0.02,0.13,0.57,45.0,Brentford,1,-0.11,-0.02,0.13,-0.13,-0.57,1,Players
51,0.5,13.0,DEF,Michael_Kayode,Kayode,1.0,1.0,75.0,0.0,1.0,0.0,0.0,0.0,1.0,4.0,0.0,0.5,0.47,45.0,Brentford,1,0.5,0.0,0.5,0.5,-0.47,0,Players
52,0.0,1.0,DEF,Aaron_Hickey,Hickey,1.0,0.0,14.0,0.0,0.0,0.0,0.0,0.0,0.0,0.0,0.0,0.0,0.1,45.0,Brentford,1,0.0,0.0,0.0,0.0,-0.1,0,Players
53,0.52,3.0,MID,Kevin_Schade,Schade,1.0,0.0,90.0,0.0,1.0,0.0,0.0,0.0,0.0,9.0,0.01,0.53,0.57,60.0,Brentford,1,-0.52,-0.01,0.53,-0.53,-0.57,0,Players
54,0.05,3.0,MID,Dango_Ouattara,O.Dango,1.0,0.0,66.0,0.0,1.0,0.0,0.0,0.0,0.0,6.0,0.29,0.34,0.47,65.0,Brentford,1,-0.05,-0.29,0.33999999999999997,-0.33999999999999997,-0.47,0,Players
55,0.0,1.0,MID,Mikkel_Damsgaard,Damsgaard,1.0,0.0,14.0,0.0,0.0,0.0,0.0,0.0,0.0,4.0,0.11,0.11,0.1,55.0,Brentford,1,0.0,-0.11,0.11,-0.11,-0.1,0,Players
56,0.08,6.0,MID,Mathias_Jensen,Jensen,1.0,0.0,66.0,1.0,1.0,0.0,0.0,0.0,0.0,5.0,0.34,0.42,0.47,55.0,Brentford,1,-0.08,0.6599999999999999,0.42000000000000004,0.58,-0.47,0,Players
57,0.39,9.0,MID,Vitaly_Janelt,Janelt,1.0,1.0,90.0,0.0,1.0,0.0,1.0,0.0,0.0,13.0,0.17,0.56,0.57,50.0,Brentford,1,0.61,-0.17,0.56,0.43999999999999995,-0.57,1,Players
58,0.04,1.0,MID,Yehor_Yarmoliuk,Yarmoliuk,1.0,0.0,23.0,0.0,0.0,0.0,0.0,0.0,0.0,6.0,0.0,0.04,0.1,50.0,Brentford,1,-0.04,0.0,0.04,-0.04,-0.1,0,Players
59,0.03,1.0,MID,Jaidon_Anthony,Anthony,1.0,0.0,23.0,0.0,0.0,0.0,0.0,0.0,0.0,8.0,0.35,0.38,0.1,60.0,Brentford,1,-0.03,-0.35,0.38,-0.38,-0.1,0,Players
60,1.0,0.0,FWD,Igor_Thiago Nascimento Rodrigues,Thiago,1.0,0.0,82.0,0.0,1.0,0.0,0.0,0.0,0.0,5.0,0.08,1.08,0.5,80.0,Brentford,1,-1.0,-0.08,1.08,-1.08,-0.5,0,Players
61,0.03,1.0,FWD,Callum_Wilson,Wilson,1.0,0.0,7.0,0.0,0.0,0.0,0.0,0.0,0.0,0.0,0.04,0.07,0.07,55.0,Brentford,1,-0.03,-0.04,0.07,-0.07,-0.07,0,Players
62,0.05,14.0,MID,Mamadou_Sangaré,M.Sangaré,1.0,0.0,75.0,2.0,1.0,0.0,0.0,0.0,3.0,13.0,0.33,0.38,0.47,55.0,Brentford,1,-0.05,1.67,0.38,1.62,-0.47,1,Players
63,0.0,6.0,GKP,Bart_Verbruggen,Verbruggen,1.0,0.0,90.0,0.0,1.0,0.0,0.0,0.0,0.0,0.0,0.0,0.0,0.29,45.0,Brighton,1,0.0,0.0,0.0,0.0,-0.29,0,Players
64,0.0,6.0,DEF,Olivier_Boscagli,Boscagli,1.0,0.0,90.0,0.0,1.0,0.0,0.0,0.0,0.0,6.0,0.04,0.04,0.29,45.0,Brighton,1,0.0,-0.04,0.04,-0.04,-0.29,0,Players
65,1.47,17.0,DEF,Maxim_De Cuyper,De Cuyper,1.0,1.0,77.0,1.0,1.0,0.0,0.0,0.0,2.0,4.0,0.21,1.68,0.29,45.0,Brighton,1,-0.47,0.79,1.68,0.32000000000000006,-0.29,0,Players
66,0.0,6.0,DEF,Lewis_Dunk,Dunk,1.0,0.0,90.0,0.0,1.0,0.0,0.0,0.0,0.0,2.0,0.04,0.04,0.29,45.0,Brighton,1,0.0,-0.04,0.04,-0.04,-0.29,0,Players
67,0.12,1.0,DEF,João Pedro_Loureiro da Costa,0,1.0,0.0,26.0,0.0,0.0,0.0,0.0,0.0,0.0,4.0,0.0,0.12,0.1,45.0,Brighton,1,-0.12,0.0,0.12,-0.12,-0.1,0,Players
68,1.41,16.0,MID,Jack_Hinshelwood,Hinshelwood,1.0,2.0,63.0,0.0,1.0,0.0,0.0,0.0,3.0,3.0,0.02,1.43,0.19,60.0,Brighton,1,0.5900000000000001,-0.02,1.43,0.5700000000000001,-0.19,0,Players
69,0.0,2.0,MID,Pascal_Groß,Groß,1.0,0.0,90.0,0.0,1.0,0.0,1.0,0.0,0.0,5.0,0.27,0.27,0.29,55.0,Brighton,1,0.0,-0.27,0.27,-0.27,-0.29,0,Players
70,0.08,5.0,FWD,Georginio_Rutter,Georginio,1.0,0.0,90.0,1.0,1.0,0.0,0.0,0.0,0.0,7.0,0.44,0.52,0.29,55.0,Brighton,1,-0.08,0.56,0.52,0.48,-0.29,0,Players
71,0.18,6.0,MID,Diego_Gómez Amarilla,Gomez,1.0,0.0,85.0,1.0,1.0,0.0,0.0,0.0,0.0,6.0,0.48,0.66,0.29,50.0,Brighton,1,-0.18,0.52,0.6599999999999999,0.3400000000000001,-0.29,0,Players
72,0.11,2.0,MID,Yasin_Ayari,Ayari,1.0,0.0,63.0,0.0,1.0,0.0,1.0,0.0,0.0,4.0,0.03,0.14,0.19,55.0,Brighton,1,-0.11,-0.03,0.14,-0.14,-0.19,0,Players
73,0.09,7.0,DEF,Mats_Wieffer,Wieffer,1.0,0.0,77.0,0.0,1.0,0.0,0.0,0.0,1.0,8.0,0.05,0.14,0.29,50.0,Brighton,1,-0.09,-0.05,0.14,-0.14,-0.29,0,Players
74,0.0,1.0,MID,Zadok_Yohanna,Yohanna,1.0,0.0,12.0,0.0,0.0,0.0,0.0,0.0,0.0,0.0,0.03,0.03,0.0,50.0,Brighton,1,0.0,-0.03,0.03,-0.03,0.0,0,Players
75,0.18,1.0,FWD,Charalampos_Kostoulas,Kostoulas,1.0,0.0,26.0,0.0,0.0,0.0,0.0,0.0,0.0,2.0,0.0,0.18,0.1,55.0,Brighton,1,-0.18,0.0,0.18,-0.18,-0.1,0,Players
76,0.13,6.0,DEF,Luka_Vušković,Vuskovic,1.0,0.0,90.0,0.0,1.0,0.0,0.0,0.0,0.0,4.0,0.03,0.16,0.29,50.0,Brighton,1,-0.13,-0.03,0.16,-0.16,-0.29,0,Players
77,0.0,1.0,MID,Ibrahim_Osman,Osman,1.0,0.0,12.0,0.0,0.0,0.0,0.0,0.0,0.0,2.0,0.05,0.05,0.0,50.0,Brighton,1,0.0,-0.05,0.05,-0.05,0.0,0,Players
78,0.0,1.0,MID,Malick_Yalcouyé,Yalcouyé,1.0,0.0,4.0,0.0,0.0,0.0,0.0,0.0,0.0,0.0,0.01,0.01,0.0,45.0,Brighton,1,0.0,-0.01,0.01,-0.01,0.0,0,Players
79,0.96,8.0,MID,Morgan_Rogers,Rogers,1.0,1.0,81.0,0.0,0.0,2.0,0.0,0.0,1.0,7.0,0.1,1.06,1.24,75.0,Chelsea,1,0.040000000000000036,-0.1,1.06,-0.06000000000000005,0.76,0,Players
80,0.0,2.0,GKP,Robert_Sánchez,Sánchez,1.0,0.0,90.0,0.0,0.0,2.0,0.0,4.0,0.0,0.0,0.01,0.01,1.33,50.0,Chelsea,1,0.0,-0.01,0.01,-0.01,0.6699999999999999,0,Players
81,0.1,0.0,DEF,Reece_James,James,1.0,0.0,90.0,0.0,0.0,2.0,1.0,0.0,0.0,6.0,0.07,0.17,1.33,55.0,Chelsea,1,-0.1,-0.07,0.17,-0.17,0.6699999999999999,0,Players
82,0.0,1.0,DEF,Malo_Gusto,Gusto,1.0,0.0,75.0,0.0,0.0,2.0,0.0,0.0,0.0,3.0,0.03,0.03,1.11,50.0,Chelsea,1,0.0,-0.03,0.03,-0.03,0.8899999999999999,0,Players
83,0.01,1.0,DEF,Jorrel_Hato,Hato,1.0,0.0,64.0,0.0,0.0,2.0,0.0,0.0,0.0,3.0,0.03,0.04,1.05,45.0,Chelsea,1,-0.01,-0.03,0.04,-0.04,0.95,0,Players
84,0.01,0.0,DEF,Levi_Colwill,Colwill,1.0,0.0,90.0,0.0,0.0,2.0,1.0,0.0,0.0,4.0,0.03,0.04,1.33,50.0,Chelsea,1,-0.01,-0.03,0.04,-0.04,0.6699999999999999,0,Players
85,0.0,3.0,DEF,Josh_Acheampong,Acheampong,1.0,0.0,90.0,0.0,0.0,2.0,0.0,0.0,0.0,15.0,0.01,0.01,1.33,45.0,Chelsea,1,0.0,-0.01,0.01,-0.01,0.6699999999999999,1,Players
86,0.28,13.0,MID,Cole_Palmer,Palmer,1.0,1.0,82.0,1.0,0.0,2.0,0.0,0.0,3.0,9.0,0.19,0.47,1.24,95.0,Chelsea,1,0.72,0.81,0.47000000000000003,1.53,0.76,0,Players
87,0.0,1.0,MID,Enzo_Fernández,Enzo,1.0,0.0,25.0,0.0,0.0,0.0,0.0,0.0,0.0,3.0,0.02,0.02,0.28,70.0,Chelsea,1,0.0,-0.02,0.02,-0.02,-0.28,0,Players
88,0.03,1.0,MID,Pedro_Lomba Neto,Neto,1.0,0.0,14.0,0.0,0.0,0.0,0.0,0.0,0.0,4.0,0.07,0.1,0.22,65.0,Chelsea,1,-0.03,-0.07,0.1,-0.1,-0.22,0,Players
89,0.0,1.0,MID,Estêvão_Almeida de Oliveira Gonçalves,Estêvão,1.0,0.0,7.0,0.0,0.0,0.0,0.0,0.0,0.0,1.0,0.0,0.0,0.09,65.0,Chelsea,1,0.0,0.0,0.0,0.0,-0.09,0,Players
90,0.21,1.0,MID,Roméo_Lavia,Lavia,1.0,0.0,64.0,0.0,0.0,2.0,1.0,0.0,0.0,9.0,0.03,0.24,1.05,50.0,Chelsea,1,-0.21,-0.03,0.24,-0.24,0.95,0,Players
91,0.0,1.0,MID,Geovany_Quenda,Quenda,1.0,0.0,8.0,0.0,0.0,0.0,0.0,0.0,0.0,1.0,0.0,0.0,0.09,55.0,Chelsea,1,0.0,0.0,0.0,0.0,-0.09,0,Players
92,0.63,11.0,FWD,João_Pedro Junqueira de Jesus,João Pedro,1.0,1.0,90.0,1.0,0.0,2.0,0.0,0.0,2.0,3.0,0.06,0.69,1.33,75.0,Chelsea,1,0.37,0.94,0.69,1.31,0.6699999999999999,0,Players
93,0.0,6.0,DEF,Maxence_Lacroix,Lacroix,1.0,0.0,90.0,1.0,0.0,2.0,0.0,0.0,0.0,12.0,0.2,0.2,1.33,60.0,Chelsea,1,0.0,0.8,0.2,0.8,0.6699999999999999,1,Players
94,0.0,1.0,DEF,Pep_Chavarría,Chavarria,1.0,0.0,25.0,0.0,0.0,0.0,0.0,0.0,0.0,1.0,0.0,0.0,0.28,50.0,Chelsea,1,0.0,0.0,0.0,0.0,-0.28,0,Players
95,0.0,2.0,MID,Frank_Onyeka,Onyeka,1.0,0.0,90.0,0.0,0.0,3.0,0.0,0.0,0.0,9.0,0.01,0.01,1.88,50.0,Coventry City,1,0.0,-0.01,0.01,-0.01,1.12,0,Players
96,0.0,1.0,GKP,Carl_Rushworth,Rushworth,1.0,0.0,90.0,0.0,0.0,3.0,0.0,2.0,0.0,0.0,0.01,0.01,1.88,45.0,Coventry City,1,0.0,-0.01,0.01,-0.01,1.12,0,Players
97,0.02,3.0,DEF,Bobby_Thomas,Thomas,1.0,0.0,90.0,0.0,0.0,3.0,0.0,0.0,0.0,10.0,0.01,0.03,1.88,40.0,Coventry City,1,-0.02,-0.01,0.03,-0.03,1.12,1,Players
98,0.0,1.0,DEF,Milan_van Ewijk,van Ewijk,1.0,0.0,90.0,0.0,0.0,3.0,0.0,0.0,0.0,7.0,0.01,0.01,1.88,40.0,Coventry City,1,0.0,-0.01,0.01,-0.01,1.12,0,Players
99,0.0,1.0,DEF,Jay_Dasilva,Dasilva,1.0,0.0,90.0,0.0,0.0,3.0,0.0,0.0,0.0,6.0,0.02,0.02,1.88,40.0,Coventry City,1,0.0,-0.02,0.02,-0.02,1.12,0,Players
100,0.0,1.0,DEF,Aurèle_Amenda,Amenda,1.0,0.0,90.0,0.0,0.0,3.0,0.0,0.0,0.0,9.0,0.01,0.01,1.88,40.0,Coventry City,1,0.0,-0.01,0.01,-0.01,1.12,0,Players
101,0.15,1.0,MID,Jack_Rudoni,Rudoni,1.0,0.0,20.0,0.0,0.0,0.0,0.0,0.0,0.0,5.0,0.0,0.15,0.29,50.0,Coventry City,1,-0.15,0.0,0.15,-0.15,-0.29,0,Players
102,0.0,2.0,MID,Matt_Grimes,Grimes,1.0,0.0,90.0,0.0,0.0,3.0,0.0,0.0,0.0,7.0,0.01,0.01,1.88,50.0,Coventry City,1,0.0,-0.01,0.01,-0.01,1.12,0,Players
103,0.0,1.0,MID,Victor_Torp,Torp,1.0,0.0,28.0,0.0,0.0,0.0,0.0,0.0,0.0,1.0,0.11,0.11,0.32,55.0,Coventry City,1,0.0,-0.11,0.11,-0.11,-0.32,0,Players
104,0.04,2.0,MID,Loum_Tchaouna,Tchaouna,1.0,0.0,81.0,0.0,0.0,3.0,0.0,0.0,0.0,8.0,0.02,0.06,1.76,55.0,Coventry City,1,-0.04,-0.02,0.06,-0.06,1.24,0,Players
105,0.0,2.0,FWD,Brandon_Thomas-Asante,Thomas-Asante,1.0,0.0,69.0,0.0,0.0,3.0,0.0,0.0,0.0,6.0,0.02,0.02,1.6,50.0,Coventry City,1,0.0,-0.02,0.02,-0.02,1.4,0,Players
106,0.0,2.0,FWD,Ellis_Simms,Simms,1.0,0.0,69.0,0.0,0.0,3.0,0.0,0.0,0.0,3.0,0.01,0.01,1.6,50.0,Coventry City,1,0.0,-0.01,0.01,-0.01,1.4,0,Players
107,0.0,1.0,FWD,Taiwo_Awoniyi,Awoniyi,1.0,0.0,20.0,0.0,0.0,0.0,0.0,0.0,0.0,1.0,0.0,0.0,0.29,55.0,Coventry City,1,0.0,0.0,0.0,0.0,-0.29,0,Players
108,0.0,1.0,MID,Caleb_Yirenkyi,Yirenkyi,1.0,0.0,61.0,0.0,0.0,3.0,1.0,0.0,0.0,3.0,0.0,0.0,1.56,50.0,Coventry City,1,0.0,0.0,0.0,0.0,1.44,0,Players
109,0.0,1.0,MID,Gustavo_Hamer,Hamer,1.0,0.0,8.0,0.0,0.0,0.0,0.0,0.0,0.0,1.0,0.0,0.0,0.13,55.0,Coventry City,1,0.0,0.0,0.0,0.0,-0.13,0,Players
110,0.03,1.0,MID,Evann_Guessand,Guessand,1.0,0.0,27.0,0.0,0.0,0.0,0.0,0.0,0.0,1.0,0.02,0.05,0.14,55.0,Crystal Palace,1,-0.03,-0.02,0.05,-0.05,-0.14,0,Players
111,0.0,2.0,GKP,Dean_Henderson,Henderson,1.0,0.0,90.0,0.0,0.0,2.0,0.0,3.0,0.0,0.0,0.0,0.0,1.12,50.0,Crystal Palace,1,0.0,0.0,0.0,0.0,0.8799999999999999,0,Players
112,0.23,0.0,DEF,Daniel_Muñoz,Muñoz,1.0,0.0,54.0,0.0,0.0,2.0,0.0,0.0,0.0,4.0,0.01,0.24,0.84,55.0,Crystal Palace,1,-0.23,-0.01,0.24000000000000002,-0.24000000000000002,1.1600000000000001,0,Players
113,0.0,3.0,DEF,Chris_Richards,Richards,1.0,0.0,90.0,0.0,0.0,2.0,0.0,0.0,0.0,16.0,0.0,0.0,1.12,50.0,Crystal Palace,1,0.0,0.0,0.0,0.0,0.8799999999999999,1,Players
114,0.05,1.0,DEF,Jaydee_Canvot,Canvot,1.0,0.0,90.0,0.0,0.0,2.0,0.0,0.0,0.0,8.0,0.01,0.06,1.12,50.0,Crystal Palace,1,-0.05,-0.01,0.060000000000000005,-0.060000000000000005,0.8799999999999999,0,Players
115,0.0,1.0,DEF,Tyrick_Mitchell,Mitchell,1.0,0.0,90.0,0.0,0.0,2.0,0.0,0.0,0.0,5.0,0.01,0.01,1.12,45.0,Crystal Palace,1,0.0,-0.01,0.01,-0.01,0.8799999999999999,0,Players
116,0.0,1.0,DEF,Chadi_Riad Dnanou,Chadi Riad,1.0,0.0,72.0,0.0,0.0,2.0,0.0,0.0,0.0,7.0,0.01,0.01,0.98,45.0,Crystal Palace,1,0.0,-0.01,0.01,-0.01,1.02,0,Players
117,0.0,4.0,MID,Adam_Wharton,Wharton,1.0,0.0,90.0,0.0,0.0,2.0,0.0,0.0,0.0,14.0,0.24,0.24,1.12,55.0,Crystal Palace,1,0.0,-0.24,0.24,-0.24,0.8799999999999999,1,Players
118,0.06,1.0,MID,Yéremy_Pino Santos,Yeremy,1.0,0.0,35.0,0.0,0.0,0.0,0.0,0.0,0.0,5.0,0.02,0.08,0.27,55.0,Crystal Palace,1,-0.06,-0.02,0.08,-0.08,-0.27,0,Players
119,0.0,3.0,MID,Daichi_Kamada,Kamada,1.0,0.0,90.0,0.0,0.0,2.0,1.0,0.0,0.0,14.0,0.27,0.27,1.12,50.0,Crystal Palace,1,0.0,-0.27,0.27,-0.27,0.8799999999999999,1,Players
120,0.25,1.0,FWD,Jørgen_Strand Larsen,Strand Larsen,1.0,0.0,27.0,0.0,0.0,0.0,0.0,0.0,0.0,0.0,0.01,0.26,0.14,60.0,Crystal Palace,1,-0.25,-0.01,0.26,-0.26,-0.14,0,Players
121,0.7,2.0,FWD,Jean-Philippe_Mateta,Mateta,1.0,0.0,62.0,0.0,0.0,2.0,0.0,0.0,0.0,5.0,0.02,0.72,0.98,65.0,Crystal Palace,1,-0.7,-0.02,0.72,-0.72,1.02,0,Players
122,0.6,1.0,FWD,Eddie_Nketiah,Nketiah,1.0,0.0,55.0,0.0,0.0,2.0,0.0,0.0,0.0,3.0,0.58,1.18,0.84,55.0,Crystal Palace,1,-0.6,-0.58,1.18,-1.18,1.1600000000000001,0,Players
123,0.05,2.0,MID,Dwight_McNeil,McNeil,1.0,0.0,62.0,0.0,0.0,2.0,0.0,0.0,0.0,5.0,0.02,0.07,0.98,55.0,Crystal Palace,1,-0.05,-0.02,0.07,-0.07,1.02,0,Players
124,0.0,1.0,DEF,Takehiro_Tomiyasu,Tomiyasu,1.0,0.0,18.0,0.0,0.0,0.0,0.0,0.0,0.0,1.0,0.01,0.01,0.14,45.0,Crystal Palace,1,0.0,-0.01,0.01,-0.01,-0.14,0,Players
125,0.0,1.0,DEF,Anan_Khalaili,Khalaili,1.0,0.0,35.0,0.0,0.0,0.0,0.0,0.0,0.0,9.0,0.16,0.16,0.27,50.0,Crystal Palace,1,0.0,-0.16,0.16,-0.16,-0.27,0,Players
126,0.0,1.0,MID,Brennan_Johnson,Johnson,1.0,0.0,6.0,0.0,0.0,0.0,0.0,0.0,0.0,2.0,0.0,0.0,0.29,60.0,Everton,1,0.0,0.0,0.0,0.0,-0.29,0,Players
127,0.0,7.0,GKP,Jordan_Pickford,Pickford,1.0,0.0,90.0,0.0,1.0,0.0,0.0,4.0,0.0,0.0,0.02,0.02,1.96,55.0,Everton,1,0.0,-0.02,0.02,-0.02,-1.96,0,Players
128,0.05,6.0,DEF,James_Tarkowski,Tarkowski,1.0,0.0,90.0,0.0,1.0,0.0,0.0,0.0,0.0,9.0,0.0,0.05,1.96,60.0,Everton,1,-0.05,0.0,0.05,-0.05,-1.96,0,Players
129,0.0,6.0,DEF,Jarrad_Branthwaite,Branthwaite,1.0,0.0,90.0,0.0,1.0,0.0,0.0,0.0,0.0,8.0,0.01,0.01,1.96,55.0,Everton,1,0.0,-0.01,0.01,-0.01,-1.96,0,Players
130,0.0,6.0,DEF,Vitalii_Mykolenko,Mykolenko,1.0,0.0,90.0,0.0,1.0,0.0,0.0,0.0,0.0,4.0,0.05,0.05,1.96,45.0,Everton,1,0.0,-0.05,0.05,-0.05,-1.96,0,Players
131,0.12,11.0,MID,Kiernan_Dewsbury-Hall,Dewsbury-Hall,1.0,1.0,90.0,0.0,1.0,0.0,0.0,0.0,3.0,8.0,0.17,0.29,1.92,65.0,Everton,1,0.88,-0.17,0.29000000000000004,0.71,-1.92,0,Players
132,0.24,9.0,MID,Iliman_Ndiaye,Ndiaye,1.0,0.0,90.0,1.0,1.0,0.0,0.0,0.0,1.0,12.0,0.32,0.56,1.96,60.0,Everton,1,-0.24,0.6799999999999999,0.56,0.43999999999999995,-1.96,1,Players
133,0.0,1.0,MID,James_Garner,Garner,1.0,0.0,11.0,0.0,0.0,0.0,0.0,0.0,0.0,1.0,0.03,0.03,0.34,60.0,Everton,1,0.0,-0.03,0.03,-0.03,-0.34,0,Players
134,0.18,3.0,MID,Tyrique_George,George,1.0,0.0,83.0,0.0,1.0,0.0,0.0,0.0,0.0,7.0,0.08,0.26,1.67,55.0,Everton,1,-0.18,-0.08,0.26,-0.26,-1.67,0,Players
135,0.02,1.0,MID,Carlos_Alcaraz Durán,Alcaraz,1.0,0.0,1.0,0.0,0.0,0.0,0.0,0.0,0.0,3.0,0.0,0.02,0.04,50.0,Everton,1,-0.02,0.0,0.02,-0.02,-0.04,0,Players
136,0.0,8.0,MID,Harrison_Armstrong,Armstrong,1.0,0.0,90.0,1.0,1.0,0.0,0.0,0.0,0.0,16.0,0.04,0.04,1.96,50.0,Everton,1,0.0,0.96,0.04,0.96,-1.96,1,Players
137,0.0,3.0,MID,Merlin_Röhl,Röhl,1.0,0.0,90.0,0.0,1.0,0.0,0.0,0.0,0.0,9.0,0.06,0.06,1.96,50.0,Everton,1,0.0,-0.06,0.06,-0.06,-1.96,0,Players
138,0.01,3.0,MID,Hayden_Hackney,Hackney,1.0,0.0,78.0,0.0,1.0,0.0,0.0,0.0,0.0,7.0,0.01,0.02,1.62,55.0,Everton,1,-0.01,-0.01,0.02,-0.02,-1.62,0,Players
139,0.05,1.0,FWD,Norberto Bercique_Gomes Betuncal,0,1.0,0.0,11.0,0.0,0.0,0.0,0.0,0.0,0.0,0.0,0.0,0.05,0.34,55.0,Everton,1,-0.05,0.0,0.05,-0.05,-0.34,0,Players
140,0.45,8.0,FWD,Thierno_Barry,Barry,1.0,1.0,78.0,0.0,1.0,0.0,0.0,0.0,2.0,3.0,0.09,0.54,1.62,55.0,Everton,1,0.55,-0.09,0.54,0.45999999999999996,-1.62,0,Players
141,0.0,2.0,GKP,Bernd_Leno,Leno,1.0,0.0,90.0,0.0,0.0,3.0,0.0,3.0,0.0,0.0,0.0,0.0,2.24,45.0,Fulham,1,0.0,0.0,0.0,0.0,0.7599999999999998,0,Players
142,0.13,1.0,DEF,Antonee_Robinson,Robinson,1.0,0.0,81.0,0.0,0.0,3.0,0.0,0.0,0.0,7.0,0.04,0.17,2.21,45.0,Fulham,1,-0.13,-0.04,0.17,-0.17,0.79,0,Players
143,0.0,3.0,DEF,Jorge_Cuenca Barreno,J.Cuenca,1.0,0.0,90.0,0.0,0.0,3.0,0.0,0.0,0.0,10.0,0.03,0.03,2.24,45.0,Fulham,1,0.0,-0.03,0.03,-0.03,0.7599999999999998,1,Players
144,0.02,0.0,DEF,Calvin_Bassey,Bassey,1.0,0.0,90.0,0.0,0.0,3.0,1.0,0.0,0.0,4.0,0.02,0.04,2.24,45.0,Fulham,1,-0.02,-0.02,0.04,-0.04,0.7599999999999998,0,Players
145,0.09,6.0,DEF,Timothy_Castagne,Castagne,1.0,0.0,90.0,2.0,0.0,3.0,1.0,0.0,0.0,6.0,0.18,0.27,2.24,45.0,Fulham,1,-0.09,1.82,0.27,1.73,0.7599999999999998,0,Players
146,0.0,2.0,MID,Alex_Iwobi,Iwobi,1.0,0.0,90.0,0.0,0.0,3.0,0.0,0.0,0.0,10.0,0.04,0.04,2.24,55.0,Fulham,1,0.0,-0.04,0.04,-0.04,0.7599999999999998,0,Players
147,0.0,1.0,MID,Kevin_Santos Lopes de Macedo,Kevin,1.0,0.0,17.0,0.0,0.0,0.0,0.0,0.0,0.0,3.0,0.01,0.01,0.03,55.0,Fulham,1,0.0,-0.01,0.01,-0.01,-0.03,0,Players
148,0.0,2.0,MID,Oscar_Bobb,Bobb,1.0,0.0,66.0,0.0,0.0,3.0,0.0,0.0,0.0,6.0,0.26,0.26,2.21,55.0,Fulham,1,0.0,-0.26,0.26,-0.26,0.79,0,Players
149,0.03,2.0,MID,Sander_Berge,Berge,1.0,0.0,72.0,0.0,0.0,3.0,0.0,0.0,0.0,4.0,0.03,0.06,2.21,50.0,Fulham,1,-0.03,-0.03,0.06,-0.06,0.79,0,Players
150,0.17,7.0,MID,Josh_King,King,1.0,1.0,90.0,0.0,0.0,3.0,0.0,0.0,0.0,8.0,0.04,0.21,2.24,55.0,Fulham,1,0.83,-0.04,0.21000000000000002,0.79,0.7599999999999998,0,Players
151,0.03,1.0,DEF,Ryan_Sessegnon,Sessegnon,1.0,0.0,17.0,0.0,0.0,0.0,0.0,0.0,0.0,1.0,0.0,0.03,0.03,45.0,Fulham,1,-0.03,0.0,0.03,-0.03,-0.03,0,Players
152,0.02,1.0,FWD,Rodrigo_Muniz Carvalho,Muniz,1.0,0.0,8.0,0.0,0.0,0.0,0.0,0.0,0.0,1.0,0.0,0.02,0.03,55.0,Fulham,1,-0.02,0.0,0.02,-0.02,-0.03,0,Players
153,0.73,6.0,FWD,Gonzalo_García,Gonzalo,1.0,1.0,90.0,0.0,0.0,3.0,0.0,0.0,0.0,2.0,0.01,0.74,2.24,60.0,Fulham,1,0.27,-0.01,0.74,0.26,0.7599999999999998,0,Players
154,0.16,2.0,MID,César_Palacios,Palacios,1.0,0.0,72.0,0.0,0.0,3.0,0.0,0.0,0.0,4.0,0.01,0.17,2.21,55.0,Fulham,1,-0.16,-0.01,0.17,-0.17,0.79,0,Players
155,0.0,1.0,MID,Shea_Charles,Charles,1.0,0.0,23.0,0.0,0.0,0.0,0.0,0.0,0.0,3.0,0.0,0.0,0.03,50.0,Fulham,1,0.0,0.0,0.0,0.0,-0.03,0,Players
156,0.0,8.0,DEF,John_Egan,Egan,1.0,0.0,90.0,0.0,1.0,0.0,0.0,0.0,0.0,21.0,0.0,0.0,1.83,40.0,Hull City,1,0.0,0.0,0.0,0.0,-1.83,1,Players
157,0.52,14.0,DEF,Semi_Ajayi,Ajayi,1.0,1.0,63.0,0.0,1.0,0.0,0.0,0.0,2.0,7.0,0.0,0.52,0.86,40.0,Hull City,1,0.48,0.0,0.52,0.48,-0.86,0,Players
158,0.0,6.0,DEF,Lewie_Coyle,Coyle,1.0,0.0,69.0,0.0,1.0,0.0,0.0,0.0,0.0,2.0,0.01,0.01,1.16,40.0,Hull City,1,0.0,-0.01,0.01,-0.01,-1.16,0,Players
159,0.05,1.0,DEF,Cody_Drameh,Drameh,1.0,0.0,20.0,0.0,0.0,0.0,0.0,0.0,0.0,3.0,0.0,0.05,0.67,40.0,Hull City,1,-0.05,0.0,0.05,-0.05,-0.67,0,Players
160,0.02,6.0,DEF,Ryan_Giles,Giles,1.0,0.0,84.0,0.0,1.0,0.0,0.0,0.0,0.0,6.0,0.07,0.09,1.76,40.0,Hull City,1,-0.02,-0.07,0.09000000000000001,-0.09000000000000001,-1.76,0,Players
161,0.0,1.0,DEF,Paddy_McNair,McNair,1.0,0.0,26.0,0.0,0.0,0.0,0.0,0.0,0.0,2.0,0.0,0.0,0.96,40.0,Hull City,1,0.0,0.0,0.0,0.0,-0.96,0,Players
162,0.05,3.0,MID,Mohamed_Belloumi,Belloumi,1.0,0.0,90.0,0.0,1.0,0.0,0.0,0.0,0.0,10.0,0.03,0.08,1.83,50.0,Hull City,1,-0.05,-0.03,0.08,-0.08,-1.83,0,Players
163,0.0,0.0,MID,Liam_Millar,Millar,1.0,0.0,19.0,0.0,0.0,0.0,1.0,0.0,0.0,3.0,0.0,0.0,0.67,50.0,Hull City,1,0.0,0.0,0.0,0.0,-0.67,0,Players
164,0.0,2.0,MID,Matt_Crooks,Crooks,1.0,0.0,90.0,0.0,1.0,0.0,1.0,0.0,0.0,9.0,0.0,0.0,1.83,45.0,Hull City,1,0.0,0.0,0.0,0.0,-1.83,0,Players
165,0.0,6.0,MID,Regan_Slater,Slater,1.0,0.0,90.0,1.0,1.0,0.0,0.0,0.0,0.0,3.0,0.44,0.44,1.83,45.0,Hull City,1,0.0,0.56,0.44,0.56,-1.83,0,Players
166,0.16,5.0,FWD,Oli_McBurnie,McBurnie,1.0,0.0,90.0,1.0,1.0,0.0,0.0,0.0,0.0,5.0,0.01,0.17,1.83,55.0,Hull City,1,-0.16,0.99,0.17,0.83,-1.83,0,Players
167,0.0,1.0,DEF,Matt_Targett,Targett,1.0,0.0,5.0,0.0,0.0,0.0,0.0,0.0,0.0,0.0,0.0,0.0,0.07,40.0,Hull City,1,0.0,0.0,0.0,0.0,-0.07,0,Players
168,0.0,10.0,GKP,Konstantinos_Tzolakis,Tzolakis,1.0,0.0,90.0,0.0,1.0,0.0,0.0,5.0,3.0,0.0,0.0,0.0,1.83,45.0,Hull City,1,0.0,0.0,0.0,0.0,-1.83,0,Players
169,0.0,3.0,MID,Elliot_Stroud,Stroud,1.0,0.0,70.0,0.0,1.0,0.0,0.0,0.0,0.0,6.0,0.03,0.03,1.16,50.0,Hull City,1,0.0,-0.03,0.03,-0.03,-1.16,0,Players
170,0.0,1.0,DEF,Lucas_Herrington,Herrington,1.0,0.0,26.0,0.0,0.0,0.0,0.0,0.0,0.0,4.0,0.0,0.0,0.96,40.0,Hull City,1,0.0,0.0,0.0,0.0,-0.96,0,Players
171,0.28,15.0,DEF,Nobel_Mendy,Mendy,1.0,1.0,63.0,0.0,1.0,0.0,0.0,0.0,1.0,13.0,0.0,0.28,0.86,40.0,Hull City,1,0.72,0.0,0.28,0.72,-0.86,1,Players
172,0.0,2.0,DEF,Issa_Diop,Diop,1.0,0.0,90.0,0.0,0.0,1.0,0.0,0.0,0.0,5.0,0.01,0.01,0.66,40.0,Ipswich Town,1,0.0,-0.01,0.01,-0.01,0.33999999999999997,0,Players
173,0.0,5.0,MID,Saša_Lukić,Lukić,1.0,0.0,90.0,1.0,0.0,1.0,0.0,0.0,0.0,6.0,0.02,0.02,0.66,50.0,Ipswich Town,1,0.0,0.98,0.02,0.98,0.33999999999999997,0,Players
174,0.0,4.0,DEF,Dara_O'Shea,O'Shea,1.0,0.0,90.0,0.0,0.0,1.0,0.0,0.0,0.0,18.0,0.16,0.16,0.66,40.0,Ipswich Town,1,0.0,-0.16,0.16,-0.16,0.33999999999999997,1,Players
175,0.0,2.0,DEF,Leif_Davis,Davis,1.0,0.0,90.0,0.0,0.0,1.0,0.0,0.0,0.0,7.0,0.01,0.01,0.66,40.0,Ipswich Town,1,0.0,-0.01,0.01,-0.01,0.33999999999999997,0,Players
176,0.0,2.0,DEF,Jacob_Greaves,Greaves,1.0,0.0,90.0,0.0,0.0,1.0,0.0,0.0,0.0,7.0,0.0,0.0,0.66,40.0,Ipswich Town,1,0.0,0.0,0.0,0.0,0.33999999999999997,0,Players
177,0.03,4.0,MID,Marcelino_Núñez,Núñez,1.0,0.0,79.0,0.0,0.0,1.0,0.0,0.0,0.0,12.0,0.03,0.06,0.63,50.0,Ipswich Town,1,-0.03,-0.03,0.06,-0.06,0.37,1,Players
178,0.1,7.0,MID,Jack_Clarke,Clarke,1.0,1.0,19.0,0.0,0.0,0.0,0.0,0.0,1.0,2.0,0.0,0.1,0.03,55.0,Ipswich Town,1,0.9,0.0,0.1,0.9,-0.03,0,Players
179,0.0,2.0,MID,Abdul_Fatawu,Fatawu,1.0,0.0,65.0,0.0,0.0,1.0,0.0,0.0,0.0,7.0,0.41,0.41,0.63,55.0,Ipswich Town,1,0.0,-0.41,0.41,-0.41,0.37,0,Players
180,0.82,9.0,FWD,Emersonn_Correia da Silva,Emersonn,1.0,1.0,65.0,0.0,0.0,1.0,0.0,0.0,3.0,3.0,0.06,0.88,0.63,55.0,Ipswich Town,1,0.18000000000000005,-0.06,0.8799999999999999,0.1200000000000001,0.37,0,Players
181,0.0,1.0,FWD,Chuba_Akpom,Akpom,1.0,0.0,24.0,0.0,0.0,0.0,0.0,0.0,0.0,3.0,0.0,0.0,0.03,50.0,Ipswich Town,1,0.0,0.0,0.0,0.0,-0.03,0,Players
182,0.0,1.0,FWD,Sindre_Walle Egeli,Walle Egeli,1.0,0.0,10.0,0.0,0.0,0.0,0.0,0.0,0.0,0.0,0.0,0.0,0.03,45.0,Ipswich Town,1,0.0,0.0,0.0,0.0,-0.03,0,Players
183,0.0,1.0,MID,Kasey_McAteer,McAteer,1.0,0.0,24.0,0.0,0.0,0.0,0.0,0.0,0.0,3.0,0.0,0.0,0.03,45.0,Ipswich Town,1,0.0,0.0,0.0,0.0,-0.03,0,Players
184,0.61,2.0,MID,Daizen_Maeda,Maeda,1.0,0.0,79.0,0.0,0.0,1.0,0.0,0.0,0.0,9.0,0.0,0.61,0.63,55.0,Ipswich Town,1,-0.61,0.0,0.61,-0.61,0.37,0,Players
185,0.0,2.0,GKP,Kjell_Scherpen,Scherpen,1.0,0.0,90.0,0.0,0.0,1.0,0.0,2.0,0.0,0.0,0.0,0.0,0.66,45.0,Ipswich Town,1,0.0,0.0,0.0,0.0,0.33999999999999997,0,Players
186,0.23,5.0,MID,Julio_Enciso,Enciso,1.0,0.0,70.0,1.0,0.0,1.0,0.0,0.0,0.0,8.0,0.31,0.54,0.63,55.0,Ipswich Town,1,-0.23,0.69,0.54,0.45999999999999996,0.37,0,Players
187,0.0,1.0,DEF,Abdoul_Ouattara,Ouattara,1.0,0.0,10.0,0.0,0.0,0.0,0.0,0.0,0.0,2.0,0.0,0.0,0.03,40.0,Ipswich Town,1,0.0,0.0,0.0,0.0,-0.03,0,Players
188,0.0,3.0,MID,Harry_Wilson,Wilson,1.0,0.0,65.0,0.0,1.0,0.0,0.0,0.0,0.0,2.0,0.02,0.02,0.53,65.0,Leeds,1,0.0,-0.02,0.02,-0.02,-0.53,0,Players
189,0.11,10.0,DEF,Jaka_Bijol,Bijol,1.0,0.0,90.0,0.0,1.0,0.0,0.0,0.0,2.0,12.0,0.0,0.11,0.66,50.0,Leeds,1,-0.11,0.0,0.11,-0.11,-0.66,1,Players
190,0.03,6.0,DEF,Joe_Rodon,Rodon,1.0,0.0,90.0,0.0,1.0,0.0,0.0,0.0,0.0,7.0,0.06,0.09,0.66,45.0,Leeds,1,-0.03,-0.06,0.09,-0.09,-0.66,0,Players
191,0.0,6.0,DEF,Jayden_Bogle,Bogle,1.0,0.0,90.0,0.0,1.0,0.0,0.0,0.0,0.0,3.0,0.0,0.0,0.66,45.0,Leeds,1,0.0,0.0,0.0,0.0,-0.66,0,Players
192,0.0,10.0,DEF,James_Justin,Justin,1.0,0.0,90.0,0.0,1.0,0.0,0.0,0.0,2.0,12.0,0.01,0.01,0.66,45.0,Leeds,1,0.0,-0.01,0.01,-0.01,-0.66,1,Players
193,0.09,6.0,DEF,Tarik_Muharemović,Muharemović,1.0,0.0,90.0,0.0,1.0,0.0,0.0,0.0,0.0,7.0,0.0,0.09,0.66,50.0,Leeds,1,-0.09,0.0,0.09,-0.09,-0.66,0,Players
194,0.1,13.0,MID,Anton_Stach,Stach,1.0,1.0,90.0,0.0,1.0,0.0,0.0,0.0,3.0,16.0,0.05,0.15,0.66,60.0,Leeds,1,0.9,-0.05,0.15000000000000002,0.85,-0.66,1,Players
195,0.0,1.0,MID,Noah_Okafor,Okafor,1.0,0.0,24.0,0.0,0.0,0.0,0.0,0.0,0.0,5.0,0.16,0.16,0.13,60.0,Leeds,1,0.0,-0.16,0.16,-0.16,-0.13,0,Players
196,0.01,3.0,MID,Brenden_Aaronson,Aaronson,1.0,0.0,81.0,0.0,1.0,0.0,0.0,0.0,0.0,7.0,0.01,0.02,0.58,55.0,Leeds,1,-0.01,-0.01,0.02,-0.02,-0.58,0,Players
197,0.0,5.0,MID,Ethan_Ampadu,Ampadu,1.0,0.0,90.0,0.0,1.0,0.0,0.0,0.0,0.0,13.0,0.04,0.04,0.66,55.0,Leeds,1,0.0,-0.04,0.04,-0.04,-0.66,1,Players
198,0.0,1.0,MID,Sean_Longstaff,Longstaff,1.0,0.0,8.0,0.0,0.0,0.0,0.0,0.0,0.0,0.0,0.0,0.0,0.07,50.0,Leeds,1,0.0,0.0,0.0,0.0,-0.07,0,Players
199,0.13,1.0,FWD,Dominic_Calvert-Lewin,Calvert-Lewin,1.0,0.0,90.0,0.0,1.0,0.0,1.0,0.0,0.0,2.0,0.0,0.13,0.66,60.0,Leeds,1,-0.13,0.0,0.13,-0.13,-0.66,0,Players
200,0.0,9.0,GKP,James_Trafford,Trafford,1.0,0.0,90.0,0.0,1.0,0.0,0.0,3.0,2.0,0.0,0.0,0.0,0.66,50.0,Leeds,1,0.0,0.0,0.0,0.0,-0.66,0,Players
201,0.0,2.0,GKP,Alisson_Ramses Becker,A.Becker,1.0,0.0,90.0,0.0,0.0,2.0,0.0,3.0,0.0,0.0,0.0,0.0,1.58,55.0,Liverpool,1,0.0,0.0,0.0,0.0,0.41999999999999993,0,Players
202,0.25,2.0,DEF,Virgil_van Dijk,Virgil,1.0,0.0,90.0,0.0,0.0,2.0,1.0,0.0,0.0,11.0,0.01,0.26,1.58,65.0,Liverpool,1,-0.25,-0.01,0.26,-0.26,0.41999999999999993,1,Players
203,0.01,0.0,DEF,Jeremie_Frimpong,Frimpong,1.0,0.0,90.0,0.0,0.0,2.0,1.0,0.0,0.0,2.0,0.09,0.1,1.58,55.0,Liverpool,1,-0.01,-0.09,0.09999999999999999,-0.09999999999999999,0.41999999999999993,0,Players
204,0.02,0.0,DEF,Milos_Kerkez,Kerkez,1.0,0.0,90.0,0.0,0.0,2.0,1.0,0.0,0.0,7.0,0.02,0.04,1.58,55.0,Liverpool,1,-0.02,-0.02,0.04,-0.04,0.41999999999999993,0,Players
205,0.0,1.0,DEF,Jeremy_Jacquet,Jacquet,1.0,0.0,69.0,0.0,0.0,2.0,0.0,0.0,0.0,3.0,0.02,0.02,1.04,50.0,Liverpool,1,0.0,-0.02,0.02,-0.02,0.96,0,Players
206,0.26,2.0,MID,Florian_Wirtz,Wirtz,1.0,0.0,62.0,0.0,0.0,2.0,0.0,0.0,0.0,5.0,0.04,0.3,0.51,75.0,Liverpool,1,-0.26,-0.04,0.3,-0.3,1.49,0,Players
207,0.3,12.0,MID,Cody_Gakpo,Gakpo,1.0,1.0,90.0,0.0,0.0,2.0,0.0,0.0,3.0,12.0,0.15,0.45,1.58,70.0,Liverpool,1,0.7,-0.15,0.44999999999999996,0.55,0.41999999999999993,1,Players
208,0.85,8.0,MID,Dominik_Szoboszlai,Szoboszlai,1.0,1.0,90.0,0.0,0.0,2.0,0.0,0.0,1.0,7.0,0.27,1.12,1.58,70.0,Liverpool,1,0.15000000000000002,-0.27,1.12,-0.1200000000000001,0.41999999999999993,0,Players
209,0.04,2.0,MID,Rio_Ngumoha,Ngumoha,1.0,0.0,62.0,0.0,0.0,2.0,0.0,0.0,0.0,3.0,0.02,0.06,0.51,60.0,Liverpool,1,-0.04,-0.02,0.06,-0.06,1.49,0,Players
210,0.06,5.0,MID,Ryan_Gravenberch,Gravenberch,1.0,0.0,77.0,1.0,0.0,2.0,0.0,0.0,0.0,11.0,0.05,0.11,1.1,60.0,Liverpool,1,-0.06,0.95,0.11,0.89,0.8999999999999999,0,Players
211,0.0,1.0,MID,Alexis_Mac Allister,Mac Allister,1.0,0.0,27.0,0.0,0.0,0.0,0.0,0.0,0.0,3.0,0.01,0.01,1.07,55.0,Liverpool,1,0.0,-0.01,0.01,-0.01,-1.07,0,Players
212,0.1,4.0,MID,Victor_Munoz,Munoz,1.0,0.0,27.0,1.0,0.0,0.0,0.0,0.0,0.0,0.0,0.04,0.14,1.07,65.0,Liverpool,1,-0.1,0.96,0.14,0.86,-1.07,0,Players
213,1.09,2.0,FWD,Alexander_Isak,Isak,1.0,0.0,90.0,0.0,0.0,2.0,0.0,0.0,0.0,1.0,0.01,1.1,1.58,90.0,Liverpool,1,-1.09,-0.01,1.1,-1.1,0.41999999999999993,0,Players
214,0.03,1.0,MID,Lewis_Koumas,Koumas,1.0,0.0,12.0,0.0,0.0,0.0,0.0,0.0,0.0,1.0,0.0,0.03,0.48,50.0,Liverpool,1,-0.03,0.0,0.03,-0.03,-0.48,0,Players
215,0.0,1.0,DEF,Ronald_Araujo,Araujo,1.0,0.0,20.0,0.0,0.0,0.0,0.0,0.0,0.0,4.0,0.03,0.03,0.54,55.0,Liverpool,1,0.0,-0.03,0.03,-0.03,-0.54,0,Players
216,0.0,1.0,MID,Jack_Grealish,Grealish,1.0,0.0,8.0,0.0,0.0,0.0,0.0,0.0,0.0,1.0,0.0,0.0,0.0,65.0,Man City,1,0.0,0.0,0.0,0.0,0.0,0,Players
217,0.0,3.0,GKP,Gianluigi_Donnarumma,Donnarumma,1.0,0.0,90.0,0.0,0.0,1.0,0.0,3.0,0.0,0.0,0.0,0.0,0.65,55.0,Man City,1,0.0,0.0,0.0,0.0,0.35,0,Players
218,0.07,2.0,DEF,Nico_O'Reilly,O'Reilly,1.0,0.0,62.0,0.0,0.0,1.0,0.0,0.0,0.0,2.0,0.41,0.48,0.55,65.0,Man City,1,-0.07,-0.41,0.48,-0.48,0.44999999999999996,0,Players
219,0.89,10.0,DEF,Marc_Guéhi,Guéhi,1.0,1.0,90.0,0.0,0.0,1.0,0.0,0.0,2.0,4.0,0.32,1.21,0.65,60.0,Man City,1,0.10999999999999999,-0.32,1.21,-0.20999999999999996,0.35,0,Players
220,0.0,1.0,DEF,Matheus_Nunes,Matheus N.,1.0,0.0,33.0,0.0,0.0,0.0,0.0,0.0,0.0,1.0,0.04,0.04,0.1,60.0,Man City,1,0.0,-0.04,0.04,-0.04,-0.1,0,Players
221,0.0,2.0,DEF,Rúben_Gato Alves Dias,Rúben,1.0,0.0,90.0,0.0,0.0,1.0,0.0,0.0,0.0,6.0,0.14,0.14,0.65,55.0,Man City,1,0.0,-0.14,0.14,-0.14,0.35,0,Players
222,0.19,9.0,DEF,Joško_Gvardiol,Gvardiol,1.0,1.0,90.0,0.0,0.0,1.0,0.0,0.0,1.0,7.0,0.05,0.24,0.65,55.0,Man City,1,0.81,-0.05,0.24,0.76,0.35,0,Players
223,0.0,2.0,DEF,Abdukodir_Khusanov,Khusanov,1.0,0.0,90.0,0.0,0.0,1.0,0.0,0.0,0.0,4.0,0.02,0.02,0.65,55.0,Man City,1,0.0,-0.02,0.02,-0.02,0.35,0,Players
224,0.17,1.0,DEF,Rico_Lewis,Lewis,1.0,0.0,56.0,0.0,0.0,1.0,0.0,0.0,0.0,2.0,0.02,0.19,0.55,45.0,Man City,1,-0.17,-0.02,0.19,-0.19,0.44999999999999996,0,Players
225,0.06,2.0,MID,Antoine_Semenyo,Semenyo,1.0,0.0,90.0,0.0,0.0,1.0,0.0,0.0,0.0,5.0,0.02,0.08,0.65,85.0,Man City,1,-0.06,-0.02,0.08,-0.08,0.35,0,Players
226,0.12,1.0,MID,Phil_Foden,Foden,1.0,0.0,81.0,0.0,0.0,1.0,1.0,0.0,0.0,6.0,0.4,0.52,0.65,70.0,Man City,1,-0.12,-0.4,0.52,-0.52,0.35,0,Players
227,0.0,8.0,MID,Rayan_Cherki,Cherki,1.0,0.0,27.0,2.0,0.0,0.0,0.0,0.0,1.0,0.0,0.5,0.5,0.1,75.0,Man City,1,0.0,1.5,0.5,1.5,-0.1,0,Players
228,0.0,1.0,MID,Mateo_Kovačić,Kovačić,1.0,0.0,27.0,0.0,0.0,0.0,0.0,0.0,0.0,2.0,0.01,0.01,0.1,55.0,Man City,1,0.0,-0.01,0.01,-0.01,-0.1,0,Players
229,0.74,2.0,FWD,Erling_Haaland,Haaland,1.0,0.0,90.0,0.0,0.0,1.0,0.0,0.0,0.0,3.0,0.02,0.76,0.65,155.0,Man City,1,-0.74,-0.02,0.76,-0.76,0.35,0,Players
230,0.0,2.0,MID,Elliot_Anderson,Anderson,1.0,0.0,62.0,0.0,0.0,1.0,0.0,0.0,0.0,6.0,0.25,0.25,0.55,65.0,Man City,1,0.0,-0.25,0.25,-0.25,0.44999999999999996,0,Players
231,0.04,2.0,MID,Youri_Tielemans,Tielemans,1.0,0.0,66.0,0.0,0.0,2.0,0.0,0.0,0.0,5.0,0.11,0.15,0.94,60.0,Man Utd,1,-0.04,-0.11,0.15,-0.15,1.06,0,Players
232,0.0,2.0,MID,Andrey_Nascimento dos Santos,Andrey Santos,1.0,0.0,66.0,0.0,0.0,2.0,0.0,0.0,0.0,9.0,0.23,0.23,0.94,50.0,Man Utd,1,0.0,-0.23,0.23,-0.23,1.06,0,Players
233,0.0,1.0,GKP,Senne_Lammens,Lammens,1.0,0.0,90.0,0.0,0.0,2.0,0.0,2.0,0.0,0.0,0.0,0.0,1.01,50.0,Man Utd,1,0.0,0.0,0.0,0.0,0.99,0,Players
234,0.47,0.0,MID,Patrick_Dorgu,Dorgu,1.0,0.0,45.0,0.0,0.0,2.0,1.0,0.0,0.0,1.0,0.03,0.5,0.92,60.0,Man Utd,1,-0.47,-0.03,0.5,-0.5,1.08,0,Players
235,0.0,1.0,DEF,Diogo_Dalot Teixeira,Dalot,1.0,0.0,10.0,0.0,0.0,0.0,0.0,0.0,0.0,3.0,0.0,0.0,0.0,50.0,Man Utd,1,0.0,0.0,0.0,0.0,0.0,0,Players
236,0.04,1.0,DEF,Harry_Maguire,Maguire,1.0,0.0,90.0,0.0,0.0,2.0,0.0,0.0,0.0,4.0,0.4,0.44,1.01,50.0,Man Utd,1,-0.04,-0.4,0.44,-0.44,0.99,0,Players
237,0.12,1.0,DEF,Ayden_Heaven,Heaven,1.0,0.0,90.0,0.0,0.0,2.0,0.0,0.0,0.0,2.0,0.04,0.16,1.01,45.0,Man Utd,1,-0.12,-0.04,0.16,-0.16,0.99,0,Players
238,0.22,1.0,DEF,Noussair_Mazraoui,Mazraoui,1.0,0.0,79.0,0.0,0.0,2.0,0.0,0.0,0.0,5.0,0.05,0.27,1.01,45.0,Man Utd,1,-0.22,-0.05,0.27,-0.27,0.99,0,Players
239,0.0,1.0,DEF,Luke_Shaw,Shaw,1.0,0.0,90.0,0.0,0.0,2.0,0.0,0.0,0.0,4.0,0.26,0.26,1.01,45.0,Man Utd,1,0.0,-0.26,0.26,-0.26,0.99,0,Players
240,0.08,2.0,MID,Bruno_Borges Fernandes,B.Fernandes,1.0,0.0,90.0,0.0,0.0,2.0,0.0,0.0,0.0,6.0,0.26,0.34,1.01,120.0,Man Utd,1,-0.08,-0.26,0.34,-0.34,0.99,0,Players
241,0.5,2.0,MID,Bryan_Mbeumo,Mbeumo,1.0,0.0,90.0,0.0,0.0,2.0,0.0,0.0,0.0,4.0,0.23,0.73,1.01,80.0,Man Utd,1,-0.5,-0.23,0.73,-0.73,0.99,0,Players
242,0.24,2.0,MID,Matheus_Santos Carneiro Da Cunha,Cunha,1.0,0.0,79.0,0.0,0.0,2.0,0.0,0.0,0.0,3.0,0.21,0.45,1.01,80.0,Man Utd,1,-0.24,-0.21,0.44999999999999996,-0.44999999999999996,0.99,0,Players
243,0.0,1.0,MID,Marcus_Rashford,Rashford,1.0,0.0,45.0,0.0,0.0,0.0,0.0,0.0,0.0,1.0,0.1,0.1,0.09,70.0,Man Utd,1,0.0,-0.1,0.1,-0.1,-0.09,0,Players
244,0.07,1.0,MID,Kobbie_Mainoo,Mainoo,1.0,0.0,23.0,0.0,0.0,0.0,0.0,0.0,0.0,1.0,0.01,0.08,0.07,55.0,Man Utd,1,-0.07,-0.01,0.08,-0.08,-0.07,0,Players
245,0.0,1.0,MID,Shea_Lacey,Lacey,1.0,0.0,10.0,0.0,0.0,0.0,0.0,0.0,0.0,1.0,0.0,0.0,0.0,50.0,Man Utd,1,0.0,0.0,0.0,0.0,0.0,0,Players
246,0.04,1.0,FWD,Benjamin_Sesko,Šeško,1.0,0.0,23.0,0.0,0.0,0.0,0.0,0.0,0.0,0.0,0.0,0.04,0.07,70.0,Man Utd,1,-0.04,0.0,0.04,-0.04,-0.07,0,Players
247,0.0,3.0,DEF,Malick_Thiaw,Thiaw,1.0,0.0,90.0,0.0,0.0,2.0,0.0,0.0,0.0,15.0,0.0,0.0,2.98,50.0,Newcastle,1,0.0,0.0,0.0,0.0,-0.98,1,Players
248,0.0,1.0,DEF,Fabian_Schär,Schär,1.0,0.0,1.0,0.0,0.0,1.0,0.0,0.0,0.0,0.0,0.0,0.0,0.79,50.0,Newcastle,1,0.0,0.0,0.0,0.0,0.20999999999999996,0,Players
249,0.0,3.0,DEF,Sven_Botman,Botman,1.0,0.0,90.0,0.0,0.0,2.0,0.0,0.0,0.0,10.0,0.01,0.01,2.98,50.0,Newcastle,1,0.0,-0.01,0.01,-0.01,-0.98,1,Players
250,0.0,3.0,DEF,Lewis_Hall,Hall,1.0,0.0,90.0,0.0,0.0,2.0,0.0,0.0,0.0,11.0,0.35,0.35,2.98,50.0,Newcastle,1,0.0,-0.35,0.35,-0.35,-0.98,1,Players
251,0.07,2.0,MID,Harvey_Barnes,Barnes,1.0,0.0,90.0,0.0,0.0,2.0,0.0,0.0,0.0,8.0,0.02,0.09,2.98,60.0,Newcastle,1,-0.07,-0.02,0.09000000000000001,-0.09000000000000001,-0.98,0,Players
252,0.22,9.0,MID,Anthony_Elanga,Elanga,1.0,1.0,75.0,0.0,0.0,1.0,0.0,0.0,2.0,2.0,0.01,0.23,1.94,60.0,Newcastle,1,0.78,-0.01,0.23,0.77,-0.94,0,Players
253,0.06,0.0,MID,Jacob_Ramsey,J.Ramsey,1.0,0.0,34.0,0.0,0.0,1.0,1.0,0.0,0.0,6.0,0.01,0.07,1.5,50.0,Newcastle,1,-0.06,-0.01,0.06999999999999999,-0.06999999999999999,-0.5,0,Players
254,0.0,0.0,MID,Jacob_Murphy,J.Murphy,1.0,0.0,14.0,0.0,0.0,1.0,1.0,0.0,0.0,2.0,0.0,0.0,1.04,60.0,Newcastle,1,0.0,0.0,0.0,0.0,-0.040000000000000036,0,Players
255,0.05,3.0,MID,Lewis_Miley,L.Miley,1.0,0.0,75.0,0.0,0.0,1.0,1.0,0.0,0.0,13.0,0.01,0.06,1.94,55.0,Newcastle,1,-0.05,-0.01,0.060000000000000005,-0.060000000000000005,-0.94,1,Players
256,0.09,6.0,MID,Joe_Willock,Willock,1.0,1.0,34.0,0.0,0.0,1.0,0.0,0.0,0.0,3.0,0.17,0.26,1.5,50.0,Newcastle,1,0.91,-0.17,0.26,0.74,-0.5,0,Players
257,0.0,1.0,MID,Sean_Steur,Steur,1.0,0.0,55.0,0.0,0.0,1.0,0.0,0.0,0.0,2.0,0.0,0.0,1.48,50.0,Newcastle,1,0.0,0.0,0.0,0.0,-0.48,0,Players
258,1.0,4.0,FWD,Yoane_Wissa,Wissa,1.0,0.0,90.0,1.0,0.0,1.0,1.0,0.0,0.0,8.0,0.02,1.02,2.19,60.0,Newcastle,1,-1.0,0.98,1.02,-0.020000000000000018,-1.19,0,Players
259,0.06,4.0,FWD,William_Osula,Osula,1.0,0.0,55.0,1.0,0.0,1.0,0.0,0.0,0.0,5.0,0.14,0.2,1.48,60.0,Newcastle,1,-0.06,0.86,0.2,0.8,-0.48,0,Players
260,0.0,1.0,MID,Aladji_Bamba,Bamba,1.0,0.0,14.0,0.0,0.0,1.0,0.0,0.0,0.0,2.0,0.0,0.0,1.04,50.0,Newcastle,1,0.0,0.0,0.0,0.0,-0.040000000000000036,0,Players
261,0.0,1.0,GKP,Lukás_Hornícek,Horníček,1.0,0.0,90.0,0.0,0.0,2.0,1.0,5.0,0.0,0.0,0.0,0.0,2.98,50.0,Newcastle,1,0.0,0.0,0.0,0.0,-0.98,0,Players
262,0.03,1.0,DEF,Amar_Dedic,Dedić,1.0,0.0,90.0,0.0,0.0,2.0,0.0,0.0,0.0,9.0,0.0,0.03,2.98,45.0,Newcastle,1,-0.03,0.0,0.03,-0.03,-0.98,0,Players
263,0.0,2.0,GKP,Matz_Sels,Sels,1.0,0.0,90.0,0.0,0.0,1.0,0.0,2.0,0.0,0.0,0.0,0.0,0.47,50.0,Nott'm Forest,1,0.0,0.0,0.0,0.0,0.53,0,Players
264,0.0,2.0,DEF,Neco_Williams,N.Williams,1.0,0.0,90.0,0.0,0.0,1.0,0.0,0.0,0.0,6.0,0.02,0.02,0.47,50.0,Nott'm Forest,1,0.0,-0.02,0.02,-0.02,0.53,0,Players
265,0.11,2.0,DEF,Nikola_Milenković,Milenković,1.0,0.0,90.0,0.0,0.0,1.0,0.0,0.0,0.0,7.0,0.02,0.13,0.47,55.0,Nott'm Forest,1,-0.11,-0.02,0.13,-0.13,0.53,0,Players
266,0.0,4.0,DEF,Murillo_Costa dos Santos,Murillo,1.0,0.0,90.0,0.0,0.0,1.0,0.0,0.0,0.0,14.0,0.28,0.28,0.47,55.0,Nott'm Forest,1,0.0,-0.28,0.28,-0.28,0.53,1,Players
267,0.04,5.0,DEF,Ola_Aina,Aina,1.0,0.0,73.0,0.0,1.0,0.0,1.0,0.0,0.0,2.0,0.17,0.21,0.34,45.0,Nott'm Forest,1,-0.04,-0.17,0.21000000000000002,-0.21000000000000002,-0.34,0,Players
268,0.0,1.0,DEF,Jair_Paula da Cunha Filho,Jair Cunha,1.0,0.0,90.0,0.0,0.0,1.0,1.0,0.0,0.0,8.0,0.0,0.0,0.47,45.0,Nott'm Forest,1,0.0,0.0,0.0,0.0,0.53,0,Players
269,0.0,1.0,DEF,Luca_Netz,Netz,1.0,0.0,16.0,0.0,0.0,1.0,0.0,0.0,0.0,0.0,0.0,0.0,0.13,45.0,Nott'm Forest,1,0.0,0.0,0.0,0.0,0.87,0,Players
270,0.13,2.0,MID,Morgan_Gibbs-White,Gibbs-White,1.0,0.0,90.0,0.0,0.0,1.0,0.0,0.0,0.0,3.0,0.06,0.19,0.47,80.0,Nott'm Forest,1,-0.13,-0.06,0.19,-0.19,0.53,0,Players
271,0.0,3.0,MID,Dan_Ndoye,Ndoye,1.0,0.0,61.0,0.0,1.0,0.0,0.0,0.0,0.0,3.0,0.0,0.0,0.25,55.0,Nott'm Forest,1,0.0,0.0,0.0,0.0,-0.25,0,Players
272,0.0,3.0,MID,James_McAtee,McAtee,1.0,0.0,73.0,0.0,1.0,0.0,0.0,0.0,0.0,8.0,0.16,0.16,0.34,55.0,Nott'm Forest,1,0.0,-0.16,0.16,-0.16,-0.34,0,Players
273,0.03,2.0,MID,Ibrahim_Sangaré,I.Sangaré,1.0,0.0,90.0,0.0,0.0,1.0,0.0,0.0,0.0,6.0,0.01,0.04,0.47,50.0,Nott'm Forest,1,-0.03,-0.01,0.04,-0.04,0.53,0,Players
274,0.12,1.0,FWD,Chris_Wood,Wood,1.0,0.0,28.0,0.0,0.0,1.0,0.0,0.0,0.0,1.0,0.01,0.13,0.22,60.0,Nott'm Forest,1,-0.12,-0.01,0.13,-0.13,0.78,0,Players
275,0.22,2.0,FWD,Igor Jesus_Maciel da Cruz,0,1.0,0.0,90.0,0.0,0.0,1.0,0.0,0.0,0.0,3.0,0.02,0.24,0.47,60.0,Nott'm Forest,1,-0.22,-0.02,0.24,-0.24,0.53,0,Players
276,0.0,1.0,FWD,Arnaud_Kalimuendo,Kalimuendo,1.0,0.0,1.0,0.0,0.0,0.0,0.0,0.0,0.0,0.0,0.0,0.0,0.0,55.0,Nott'm Forest,1,0.0,0.0,0.0,0.0,0.0,0,Players
277,0.0,1.0,MID,Xaver_Schlager,Schlager,1.0,0.0,16.0,0.0,0.0,1.0,0.0,0.0,0.0,1.0,0.0,0.0,0.13,50.0,Nott'm Forest,1,0.0,0.0,0.0,0.0,0.87,0,Players
278,0.0,1.0,DEF,Jan Paul_van Hecke,0,1.0,0.0,90.0,0.0,0.0,3.0,0.0,0.0,0.0,9.0,0.03,0.03,3.87,50.0,Spurs,1,0.0,-0.03,0.03,-0.03,-0.8700000000000001,0,Players
279,0.04,2.0,MID,Sandro_Tonali,Tonali,1.0,0.0,90.0,0.0,0.0,3.0,0.0,0.0,0.0,4.0,0.06,0.1,3.87,55.0,Spurs,1,-0.04,-0.06,0.1,-0.1,-0.8700000000000001,0,Players
280,0.0,2.0,GKP,Antonín_Kinský,Kinsky,1.0,0.0,90.0,0.0,0.0,3.0,0.0,5.0,0.0,0.0,0.0,0.0,3.87,45.0,Spurs,1,0.0,0.0,0.0,0.0,-0.8700000000000001,0,Players
281,0.0,3.0,DEF,Marcos_Senesi,Senesi,1.0,0.0,90.0,0.0,0.0,3.0,0.0,0.0,0.0,16.0,0.02,0.02,3.87,60.0,Spurs,1,0.0,-0.02,0.02,-0.02,-0.8700000000000001,1,Players
282,0.0,3.0,DEF,Andrew_Robertson,Robertson,1.0,0.0,90.0,0.0,0.0,3.0,0.0,0.0,0.0,11.0,0.06,0.06,3.87,45.0,Spurs,1,0.0,-0.06,0.06,-0.06,-0.8700000000000001,1,Players
283,0.0,1.0,DEF,Destiny_Udogie,Udogie,1.0,0.0,4.0,0.0,0.0,0.0,0.0,0.0,0.0,0.0,0.02,0.02,0.44,45.0,Spurs,1,0.0,-0.02,0.02,-0.02,-0.44,0,Players
284,0.06,2.0,MID,Mathys_Tel,Tel,1.0,0.0,90.0,0.0,0.0,3.0,0.0,0.0,0.0,8.0,0.06,0.12,3.87,60.0,Spurs,1,-0.06,-0.06,0.12,-0.12,-0.8700000000000001,0,Players
285,0.0,1.0,MID,James_Maddison,Maddison,1.0,0.0,22.0,0.0,0.0,0.0,0.0,0.0,0.0,2.0,0.01,0.01,0.85,65.0,Spurs,1,0.0,-0.01,0.01,-0.01,-0.85,0,Players
286,0.0,1.0,MID,Rodrigo_Bentancur,Bentancur,1.0,0.0,45.0,0.0,0.0,1.0,0.0,0.0,0.0,5.0,0.01,0.01,2.18,55.0,Spurs,1,0.0,-0.01,0.01,-0.01,-1.1800000000000002,0,Players
287,0.02,0.0,MID,Conor_Gallagher,Gallagher,1.0,0.0,45.0,0.0,0.0,2.0,1.0,0.0,0.0,3.0,0.06,0.08,1.7,55.0,Spurs,1,-0.02,-0.06,0.08,-0.08,0.30000000000000004,0,Players
288,0.0,1.0,MID,Lucas_Bergvall,Bergvall,1.0,0.0,45.0,0.0,0.0,2.0,0.0,0.0,0.0,8.0,0.01,0.01,1.7,55.0,Spurs,1,0.0,-0.01,0.01,-0.01,0.30000000000000004,0,Players
289,0.0,2.0,MID,Archie_Gray,Gray,1.0,0.0,85.0,0.0,0.0,3.0,0.0,0.0,0.0,5.0,0.01,0.01,3.43,50.0,Spurs,1,0.0,-0.01,0.01,-0.01,-0.43000000000000016,0,Players
290,0.38,2.0,MID,Mikey_Moore,Moore,1.0,0.0,67.0,0.0,0.0,3.0,0.0,0.0,0.0,2.0,0.02,0.4,3.02,50.0,Spurs,1,-0.38,-0.02,0.4,-0.4,-0.020000000000000018,0,Players
291,0.0,1.0,MID,Mateus_Fernandes,Fernandes,1.0,0.0,45.0,0.0,0.0,1.0,0.0,0.0,0.0,2.0,0.06,0.06,2.18,60.0,Spurs,1,0.0,-0.06,0.06,-0.06,-1.1800000000000002,0,Players
292,0.07,1.0,FWD,Dominic_Solanke-Mitchell,Solanke,1.0,0.0,22.0,0.0,0.0,0.0,0.0,0.0,0.0,0.0,0.0,0.07,0.85,60.0,Spurs,1,-0.07,0.0,0.07,-0.07,-0.85,0,Players
293,0.0,2.0,FWD,Richarlison_de Andrade,Richarlison,1.0,0.0,67.0,0.0,0.0,3.0,0.0,0.0,0.0,1.0,0.0,0.0,3.02,60.0,Spurs,1,0.0,0.0,0.0,0.0,-0.020000000000000018,0,Players
294,0.0,1.0,GKP,Robin_Roefs,Roefs,1.0,0.0,90.0,0.0,0.0,2.0,0.0,1.0,0.0,0.0,0.0,0.0,1.8,50.0,Sunderland,1,0.0,0.0,0.0,0.0,0.19999999999999996,0,Players
295,0.0,0.0,DEF,Daniel_Ballard,Ballard,1.0,0.0,90.0,0.0,0.0,2.0,1.0,0.0,0.0,9.0,0.01,0.01,1.8,50.0,Sunderland,1,0.0,-0.01,0.01,-0.01,0.19999999999999996,0,Players
296,0.04,2.0,DEF,Trai_Hume,Hume,1.0,0.0,79.0,0.0,0.0,1.0,0.0,0.0,0.0,4.0,0.27,0.31,1.69,45.0,Sunderland,1,-0.04,-0.27,0.31,-0.31,-0.69,0,Players
297,0.0,1.0,DEF,Omar_Alderete,Alderete,1.0,0.0,23.0,0.0,0.0,1.0,0.0,0.0,0.0,0.0,0.01,0.01,0.1,50.0,Sunderland,1,0.0,-0.01,0.01,-0.01,0.9,0,Players
298,0.0,1.0,DEF,Reinildo_Mandava,Reinildo,1.0,0.0,90.0,0.0,0.0,2.0,0.0,0.0,0.0,8.0,0.29,0.29,1.8,45.0,Sunderland,1,0.0,-0.29,0.29,-0.29,0.19999999999999996,0,Players
299,0.01,1.0,DEF,Luke_O'Nien,O'Nien,1.0,0.0,66.0,0.0,0.0,1.0,1.0,0.0,0.0,5.0,0.01,0.02,1.69,40.0,Sunderland,1,-0.01,-0.01,0.02,-0.02,-0.69,0,Players
300,0.08,1.0,DEF,Thomas_Meunier,Meunier,1.0,0.0,90.0,0.0,0.0,2.0,0.0,0.0,0.0,4.0,0.08,0.16,1.8,45.0,Sunderland,1,-0.08,-0.08,0.16,-0.16,0.19999999999999996,0,Players
301,0.0,2.0,MID,Enzo_Le Fée,E.Le Fée,1.0,0.0,79.0,0.0,0.0,1.0,0.0,0.0,0.0,2.0,0.03,0.03,1.69,60.0,Sunderland,1,0.0,-0.03,0.03,-0.03,-0.69,0,Players
302,0.03,1.0,MID,Habib_Diarra,Diarra,1.0,0.0,10.0,0.0,0.0,1.0,0.0,0.0,0.0,0.0,0.0,0.03,0.1,55.0,Sunderland,1,-0.03,0.0,0.03,-0.03,0.9,0,Players
303,0.0,9.0,MID,Granit_Xhaka,Xhaka,1.0,0.0,90.0,1.0,0.0,2.0,0.0,0.0,2.0,13.0,0.09,0.09,1.8,55.0,Sunderland,1,0.0,0.91,0.09,0.91,0.19999999999999996,1,Players
304,0.06,2.0,MID,Noah_Sadiki,Sadiki,1.0,0.0,90.0,0.0,0.0,2.0,0.0,0.0,0.0,2.0,0.03,0.09,1.8,50.0,Sunderland,1,-0.06,-0.03,0.09,-0.09,0.19999999999999996,0,Players
305,0.0,1.0,MID,Chris_Rigg,Rigg,1.0,0.0,10.0,0.0,0.0,1.0,0.0,0.0,0.0,1.0,0.0,0.0,0.1,50.0,Sunderland,1,0.0,0.0,0.0,0.0,0.9,0,Players
306,0.0,1.0,MID,Chemsdine_Talbi,Talbi,1.0,0.0,31.0,0.0,0.0,1.0,0.0,0.0,0.0,2.0,0.0,0.0,0.14,55.0,Sunderland,1,0.0,0.0,0.0,0.0,0.86,0,Players
307,0.15,5.0,MID,Nilson_Angulo,Angulo,1.0,1.0,58.0,0.0,0.0,1.0,1.0,0.0,0.0,7.0,0.01,0.16,1.66,50.0,Sunderland,1,0.85,-0.01,0.16,0.84,-0.6599999999999999,0,Players
308,0.3,2.0,FWD,Brian_Brobbey,Brobbey,1.0,0.0,66.0,0.0,0.0,1.0,0.0,0.0,0.0,0.0,0.0,0.3,1.69,60.0,Sunderland,1,-0.3,0.0,0.3,-0.3,-0.69,0,Players
309,0.0,1.0,FWD,Wilson_Isidor,Isidor,1.0,0.0,23.0,0.0,0.0,1.0,0.0,0.0,0.0,0.0,0.0,0.0,0.1,55.0,Sunderland,1,0.0,0.0,0.0,0.0,0.9,0,Players
310,0.0,3.0,GKP,Đorđe_Petrović,Petrović,2.0,0.0,90.0,0.0,0.0,1.0,0.0,5.0,0.0,0.0,0.0,0.0,1.84,45.0,Bournemouth,2,0.0,0.0,0.0,0.0,-0.8400000000000001,0,Players
311,0.0,4.0,DEF,James_Hill,Hill,2.0,0.0,90.0,0.0,0.0,1.0,0.0,0.0,0.0,12.0,0.74,0.74,1.84,55.0,Bournemouth,2,0.0,-0.74,0.74,-0.74,-0.8400000000000001,1,Players
312,0.0,4.0,DEF,Adrien_Truffert,Truffert,2.0,0.0,90.0,0.0,0.0,1.0,0.0,0.0,2.0,9.0,0.07,0.07,1.84,55.0,Bournemouth,2,0.0,-0.07,0.07,-0.07,-0.8400000000000001,0,Players
313,0.0,1.0,DEF,Adam_Smith,Smith,2.0,0.0,90.0,0.0,0.0,1.0,1.0,0.0,0.0,6.0,0.02,0.02,1.84,45.0,Bournemouth,2,0.0,-0.02,0.02,-0.02,-0.8400000000000001,0,Players
314,0.4,2.0,MID,Rayan Vitor_Simplício Rocha,0,2.0,0.0,90.0,0.0,0.0,1.0,0.0,0.0,0.0,5.0,0.02,0.42,1.84,65.0,Bournemouth,2,-0.4,-0.02,0.42000000000000004,-0.42000000000000004,-0.8400000000000001,0,Players
315,0.09,1.0,MID,Marcus_Tavernier,Tavernier,2.0,0.0,90.0,0.0,0.0,1.0,1.0,0.0,0.0,11.0,0.21,0.3,1.84,60.0,Bournemouth,2,-0.09,-0.21,0.3,-0.3,-0.8400000000000001,0,Players
316,0.26,12.0,MID,Alex_Scott,Scott,2.0,1.0,86.0,0.0,1.0,0.0,1.0,0.0,3.0,15.0,0.27,0.53,1.71,60.0,Bournemouth,2,0.74,-0.27,0.53,0.47,-1.71,1,Players
317,0.61,3.0,MID,Justin_Kluivert,Kluivert,2.0,0.0,80.0,0.0,1.0,0.0,0.0,0.0,0.0,5.0,0.05,0.66,1.67,60.0,Bournemouth,2,-0.61,-0.05,0.66,-0.66,-1.67,0,Players
318,0.0,3.0,MID,Lewis_Cook,Cook,2.0,0.0,68.0,0.0,1.0,0.0,0.0,0.0,0.0,2.0,0.01,0.01,1.67,50.0,Bournemouth,2,0.0,-0.01,0.01,-0.01,-1.67,0,Players
319,0.0,1.0,MID,Tyler_Adams,Adams,2.0,0.0,21.0,0.0,0.0,1.0,0.0,0.0,0.0,3.0,0.0,0.0,0.16,50.0,Bournemouth,2,0.0,0.0,0.0,0.0,0.84,0,Players
320,0.0,1.0,MID,David_Brooks,Brooks,2.0,0.0,9.0,0.0,0.0,1.0,0.0,0.0,0.0,0.0,0.01,0.01,0.16,50.0,Bournemouth,2,0.0,-0.01,0.01,-0.01,0.84,0,Players
321,0.0,1.0,MID,Ryan_Christie,Christie,2.0,0.0,3.0,0.0,0.0,1.0,0.0,0.0,0.0,2.0,0.0,0.0,0.13,50.0,Bournemouth,2,0.0,0.0,0.0,0.0,0.87,0,Players
322,0.58,5.0,FWD,Francisco_Evanilson de Lima Barbosa,Evanilson,2.0,0.0,80.0,1.0,1.0,0.0,0.0,0.0,0.0,3.0,0.04,0.62,1.67,60.0,Bournemouth,2,-0.58,0.96,0.62,0.38,-1.67,0,Players
323,0.0,1.0,FWD,Álvaro_Rodríguez,Rodríguez,2.0,0.0,9.0,0.0,0.0,1.0,0.0,0.0,0.0,1.0,0.0,0.0,0.16,60.0,Bournemouth,2,0.0,0.0,0.0,0.0,0.84,0,Players
324,0.25,4.0,DEF,António João_Pereira de Albuquerque Tavares da Silva,0,2.0,0.0,90.0,0.0,0.0,1.0,0.0,0.0,0.0,10.0,0.03,0.28,1.84,50.0,Bournemouth,2,-0.25,-0.03,0.28,-0.28,-0.8400000000000001,1,Players
325,0.0,2.0,GKP,Caoimhín_Kelleher,Kelleher,2.0,0.0,90.0,0.0,0.0,1.0,0.0,1.0,0.0,0.0,0.0,0.0,1.46,50.0,Brentford,2,0.0,0.0,0.0,0.0,-0.45999999999999996,0,Players
326,0.17,3.0,DEF,Nathan_Collins,Collins,2.0,0.0,90.0,0.0,0.0,1.0,1.0,0.0,0.0,13.0,0.01,0.18,1.46,55.0,Brentford,2,-0.17,-0.01,0.18000000000000002,-0.18000000000000002,-0.45999999999999996,1,Players
327,0.02,6.0,MID,Keane_Lewis-Potter,Lewis-Potter,2.0,0.0,87.0,1.0,0.0,1.0,0.0,0.0,1.0,11.0,0.13,0.15,1.46,55.0,Brentford,2,-0.02,0.87,0.15,0.85,-0.45999999999999996,0,Players
328,0.0,3.0,DEF,Kristoffer_Ajer,Ajer,2.0,0.0,90.0,0.0,0.0,1.0,1.0,0.0,0.0,17.0,0.01,0.01,1.46,45.0,Brentford,2,0.0,-0.01,0.01,-0.01,-0.45999999999999996,1,Players
329,0.02,2.0,DEF,Michael_Kayode,Kayode,2.0,0.0,87.0,0.0,0.0,1.0,0.0,0.0,0.0,4.0,0.21,0.23,1.46,46.0,Brentford,2,-0.02,-0.21,0.22999999999999998,-0.22999999999999998,-0.45999999999999996,0,Players
330,0.0,1.0,DEF,Rico_Henry,Henry,2.0,0.0,2.0,0.0,0.0,0.0,0.0,0.0,0.0,0.0,0.0,0.0,0.0,45.0,Brentford,2,0.0,0.0,0.0,0.0,0.0,0,Players
331,0.0,1.0,DEF,Aaron_Hickey,Hickey,2.0,0.0,2.0,0.0,0.0,0.0,0.0,0.0,0.0,1.0,0.02,0.02,0.0,45.0,Brentford,2,0.0,-0.02,0.02,-0.02,0.0,0,Players
332,0.25,10.0,MID,Kevin_Schade,Schade,2.0,1.0,87.0,0.0,0.0,1.0,0.0,0.0,3.0,9.0,0.02,0.27,1.46,60.0,Brentford,2,0.75,-0.02,0.27,0.73,-0.45999999999999996,0,Players
333,0.02,1.0,MID,Dango_Ouattara,O.Dango,2.0,0.0,29.0,0.0,0.0,1.0,0.0,0.0,0.0,7.0,0.08,0.1,1.36,65.0,Brentford,2,-0.02,-0.08,0.1,-0.1,-0.3600000000000001,0,Players
334,0.03,3.0,MID,Mikkel_Damsgaard,Damsgaard,2.0,0.0,68.0,0.0,1.0,0.0,0.0,0.0,0.0,9.0,0.13,0.16,0.13,55.0,Brentford,2,-0.03,-0.13,0.16,-0.16,-0.13,0,Players
335,0.0,1.0,MID,Vitaly_Janelt,Janelt,2.0,0.0,90.0,0.0,0.0,1.0,1.0,0.0,0.0,10.0,0.14,0.14,1.46,50.0,Brentford,2,0.0,-0.14,0.14,-0.14,-0.45999999999999996,0,Players
336,0.0,1.0,MID,Yehor_Yarmoliuk,Yarmoliuk,2.0,0.0,21.0,0.0,0.0,1.0,0.0,0.0,0.0,0.0,0.01,0.01,1.32,50.0,Brentford,2,0.0,-0.01,0.01,-0.01,-0.32000000000000006,0,Players
337,0.11,2.0,MID,Jaidon_Anthony,Anthony,2.0,0.0,60.0,0.0,1.0,0.0,1.0,0.0,0.0,1.0,0.06,0.17,0.09,60.0,Brentford,2,-0.11,-0.06,0.16999999999999998,-0.16999999999999998,-0.09,0,Players
338,0.8,2.0,FWD,Igor_Thiago Nascimento Rodrigues,Thiago,2.0,0.0,90.0,0.0,0.0,1.0,0.0,0.0,0.0,4.0,0.01,0.81,1.46,80.0,Brentford,2,-0.8,-0.01,0.81,-0.81,-0.45999999999999996,0,Players
339,0.04,1.0,FWD,Callum_Wilson,Wilson,2.0,0.0,2.0,0.0,0.0,0.0,0.0,0.0,0.0,1.0,0.0,0.04,0.0,55.0,Brentford,2,-0.04,0.0,0.04,-0.04,0.0,0,Players
340,0.21,4.0,MID,Mamadou_Sangaré,M.Sangaré,2.0,0.0,90.0,0.0,0.0,1.0,0.0,0.0,0.0,14.0,0.03,0.24,1.46,56.0,Brentford,2,-0.21,-0.03,0.24,-0.24,-0.45999999999999996,1,Players
341,0.0,0.0,GKP,Bart_Verbruggen,Verbruggen,2.0,0.0,90.0,0.0,0.0,4.0,0.0,1.0,0.0,0.0,0.0,0.0,2.93,45.0,Brighton,2,0.0,0.0,0.0,0.0,1.0699999999999998,0,Players
342,0.02,0.0,DEF,Ferdi_Kadıoğlu,F.Kadıoğlu,2.0,0.0,90.0,0.0,0.0,4.0,0.0,0.0,0.0,0.0,0.01,0.03,2.93,45.0,Brighton,2,-0.02,-0.01,0.03,-0.03,1.0699999999999998,0,Players
343,0.05,-1.0,DEF,Olivier_Boscagli,Boscagli,2.0,0.0,90.0,0.0,0.0,4.0,1.0,0.0,0.0,3.0,0.11,0.16,2.93,45.0,Brighton,2,-0.05,-0.11,0.16,-0.16,1.0699999999999998,0,Players
344,0.03,0.0,DEF,Maxim_De Cuyper,De Cuyper,2.0,0.0,90.0,0.0,0.0,4.0,0.0,0.0,0.0,2.0,0.05,0.08,2.93,46.0,Brighton,2,-0.03,-0.05,0.08,-0.08,1.0699999999999998,0,Players
345,0.0,-1.0,DEF,Lewis_Dunk,Dunk,2.0,0.0,90.0,0.0,0.0,4.0,1.0,0.0,0.0,3.0,0.01,0.01,2.93,45.0,Brighton,2,0.0,-0.01,0.01,-0.01,1.0699999999999998,0,Players
346,0.0,0.0,DEF,João Pedro_Loureiro da Costa,0,2.0,0.0,10.0,0.0,0.0,0.0,1.0,0.0,0.0,0.0,0.0,0.0,0.04,45.0,Brighton,2,0.0,0.0,0.0,0.0,-0.04,0,Players
347,0.05,13.0,MID,Pascal_Groß,Groß,2.0,1.0,90.0,1.0,0.0,4.0,0.0,0.0,3.0,6.0,0.11,0.16,2.93,55.0,Brighton,2,0.95,0.89,0.16,1.84,1.0699999999999998,0,Players
348,0.38,5.0,MID,Diego_Gómez Amarilla,Gomez,2.0,0.0,90.0,1.0,0.0,4.0,0.0,0.0,0.0,5.0,0.17,0.55,2.93,50.0,Brighton,2,-0.38,0.83,0.55,0.44999999999999996,1.0699999999999998,0,Players
349,0.03,0.0,DEF,Mats_Wieffer,Wieffer,2.0,0.0,79.0,0.0,0.0,4.0,0.0,0.0,0.0,7.0,0.08,0.11,2.89,50.0,Brighton,2,-0.03,-0.08,0.11,-0.11,1.1099999999999999,0,Players
350,0.17,5.0,FWD,Charalampos_Kostoulas,Kostoulas,2.0,0.0,79.0,1.0,0.0,4.0,0.0,0.0,0.0,6.0,0.02,0.19,2.89,55.0,Brighton,2,-0.17,0.98,0.19,0.81,1.1099999999999999,0,Players
351,0.03,0.0,DEF,Luka_Vušković,Vuskovic,2.0,0.0,90.0,0.0,0.0,4.0,0.0,0.0,0.0,8.0,0.02,0.05,2.93,50.0,Brighton,2,-0.03,-0.02,0.05,-0.05,1.0699999999999998,0,Players
352,0.0,1.0,FWD,Promise_David,David,2.0,0.0,10.0,0.0,0.0,0.0,0.0,0.0,0.0,0.0,0.0,0.0,0.04,60.0,Brighton,2,0.0,0.0,0.0,0.0,-0.04,0,Players
353,0.0,1.0,MID,Ibrahim_Osman,Osman,2.0,0.0,16.0,0.0,0.0,1.0,0.0,0.0,0.0,1.0,0.01,0.01,0.1,50.0,Brighton,2,0.0,-0.01,0.01,-0.01,0.9,0,Players
354,0.7,8.0,MID,Malick_Yalcouyé,Yalcouyé,2.0,1.0,73.0,0.0,0.0,3.0,0.0,0.0,1.0,7.0,0.16,0.86,2.83,45.0,Brighton,2,0.30000000000000004,-0.16,0.86,0.14,0.16999999999999993,0,Players
355,0.0,2.0,GKP,Emiliano_Martínez Romero,Martinez,2.0,0.0,90.0,0.0,0.0,3.0,0.0,4.0,0.0,0.0,0.01,0.01,1.41,50.0,Chelsea,2,0.0,-0.01,0.01,-0.01,1.59,0,Players
356,0.14,5.0,MID,Morgan_Rogers,Rogers,2.0,0.0,90.0,1.0,0.0,3.0,0.0,0.0,0.0,5.0,1.01,1.15,1.41,75.0,Chelsea,2,-0.14,-0.010000000000000009,1.15,-0.1499999999999999,1.59,0,Players
357,0.0,1.0,DEF,Reece_James,James,2.0,0.0,22.0,0.0,0.0,1.0,0.0,0.0,0.0,0.0,0.0,0.0,0.14,55.0,Chelsea,2,0.0,0.0,0.0,0.0,0.86,0,Players
358,0.0,1.0,DEF,Malo_Gusto,Gusto,2.0,0.0,90.0,0.0,0.0,3.0,0.0,0.0,0.0,5.0,0.01,0.01,1.41,50.0,Chelsea,2,0.0,-0.01,0.01,-0.01,1.59,0,Players
359,0.0,0.0,DEF,Wesley_Fofana,Fofana,2.0,0.0,67.0,0.0,0.0,2.0,1.0,0.0,0.0,9.0,0.01,0.01,1.26,50.0,Chelsea,2,0.0,-0.01,0.01,-0.01,0.74,0,Players
360,0.0,4.0,DEF,Jorrel_Hato,Hato,2.0,0.0,90.0,1.0,0.0,3.0,0.0,0.0,0.0,6.0,0.06,0.06,1.41,45.0,Chelsea,2,0.0,0.94,0.06,0.94,1.59,0,Players
361,0.0,1.0,DEF,Levi_Colwill,Colwill,2.0,0.0,71.0,0.0,0.0,2.0,0.0,0.0,0.0,9.0,0.0,0.0,1.31,50.0,Chelsea,2,0.0,0.0,0.0,0.0,0.69,0,Players
362,0.0,1.0,DEF,Josh_Acheampong,Acheampong,2.0,0.0,22.0,0.0,0.0,1.0,0.0,0.0,0.0,3.0,0.0,0.0,0.14,45.0,Chelsea,2,0.0,0.0,0.0,0.0,0.86,0,Players
363,0.66,7.0,MID,Cole_Palmer,Palmer,2.0,1.0,90.0,0.0,0.0,3.0,0.0,0.0,0.0,8.0,0.13,0.79,1.41,95.0,Chelsea,2,0.33999999999999997,-0.13,0.79,0.20999999999999996,1.59,0,Players
364,0.41,7.0,MID,Pedro_Lomba Neto,Neto,2.0,1.0,67.0,0.0,0.0,2.0,0.0,0.0,0.0,4.0,0.33,0.74,1.26,65.0,Chelsea,2,0.5900000000000001,-0.33,0.74,0.26,0.74,0,Players
365,0.0,1.0,MID,Moisés_Caicedo Corozo,Caicedo,2.0,0.0,13.0,0.0,0.0,0.0,0.0,0.0,0.0,0.0,0.0,0.0,0.07,55.0,Chelsea,2,0.0,0.0,0.0,0.0,-0.07,0,Players
366,0.54,7.0,MID,Roméo_Lavia,Lavia,2.0,1.0,67.0,0.0,0.0,2.0,0.0,0.0,0.0,7.0,0.0,0.54,1.26,50.0,Chelsea,2,0.45999999999999996,0.0,0.54,0.45999999999999996,0.74,0,Players
367,1.23,9.0,FWD,João_Pedro Junqueira de Jesus,João Pedro,2.0,1.0,90.0,1.0,0.0,3.0,0.0,0.0,2.0,3.0,0.04,1.27,1.41,76.0,Chelsea,2,-0.22999999999999998,0.96,1.27,0.73,1.59,0,Players
368,0.02,1.0,DEF,Maxence_Lacroix,Lacroix,2.0,0.0,90.0,0.0,0.0,3.0,0.0,0.0,0.0,9.0,0.0,0.02,1.41,60.0,Chelsea,2,-0.02,0.0,0.02,-0.02,1.59,0,Players
369,0.04,1.0,MID,Valentín_Barco,Barco,2.0,0.0,8.0,0.0,0.0,1.0,0.0,0.0,0.0,1.0,0.0,0.04,0.07,55.0,Chelsea,2,-0.04,0.0,0.04,-0.04,0.9299999999999999,0,Players
370,0.0,1.0,DEF,Pep_Chavarría,Chavarria,2.0,0.0,18.0,0.0,0.0,1.0,0.0,0.0,0.0,3.0,0.02,0.02,0.09,50.0,Chelsea,2,0.0,-0.02,0.02,-0.02,0.91,0,Players
371,0.0,1.0,DEF,Ethan_Pinnock,Pinnock,2.0,0.0,12.0,0.0,0.0,1.0,0.0,0.0,0.0,2.0,0.0,0.0,0.54,45.0,Coventry City,2,0.0,0.0,0.0,0.0,0.45999999999999996,0,Players
372,0.0,2.0,GKP,Carl_Rushworth,Rushworth,2.0,0.0,90.0,0.0,0.0,1.0,0.0,1.0,0.0,0.0,0.0,0.0,0.72,45.0,Coventry City,2,0.0,0.0,0.0,0.0,0.28,0,Players
373,0.0,8.0,DEF,Bobby_Thomas,Thomas,2.0,0.0,77.0,0.0,1.0,0.0,0.0,0.0,2.0,9.0,0.01,0.01,0.18,40.0,Coventry City,2,0.0,-0.01,0.01,-0.01,-0.18,0,Players
374,0.0,2.0,DEF,Milan_van Ewijk,van Ewijk,2.0,0.0,90.0,0.0,0.0,1.0,0.0,0.0,0.0,2.0,0.19,0.19,0.72,40.0,Coventry City,2,0.0,-0.19,0.19,-0.19,0.28,0,Players
375,0.18,2.0,DEF,Jay_Dasilva,Dasilva,2.0,0.0,90.0,0.0,0.0,1.0,0.0,0.0,0.0,3.0,0.05,0.23,0.72,40.0,Coventry City,2,-0.18,-0.05,0.22999999999999998,-0.22999999999999998,0.28,0,Players
376,0.02,1.0,DEF,Aurèle_Amenda,Amenda,2.0,0.0,90.0,0.0,0.0,1.0,1.0,0.0,0.0,4.0,0.04,0.06,0.72,40.0,Coventry City,2,-0.02,-0.04,0.06,-0.06,0.28,0,Players
377,0.06,3.0,MID,Jack_Rudoni,Rudoni,2.0,0.0,70.0,0.0,1.0,0.0,0.0,0.0,0.0,6.0,0.09,0.15,0.02,50.0,Coventry City,2,-0.06,-0.09,0.15,-0.15,-0.02,0,Players
378,0.01,2.0,MID,Matt_Grimes,Grimes,2.0,0.0,90.0,0.0,0.0,1.0,0.0,0.0,0.0,10.0,0.04,0.05,0.72,50.0,Coventry City,2,-0.01,-0.04,0.05,-0.05,0.28,0,Players
379,0.02,1.0,MID,Tatsuhiro_Sakamoto,Sakamoto,2.0,0.0,31.0,0.0,0.0,1.0,0.0,0.0,0.0,4.0,0.02,0.04,0.69,50.0,Coventry City,2,-0.02,-0.02,0.04,-0.04,0.31000000000000005,0,Players
380,0.0,1.0,MID,Ephron_Mason-Clark,Mason-Clark,2.0,0.0,57.0,0.0,0.0,0.0,0.0,0.0,0.0,4.0,0.06,0.06,0.02,55.0,Coventry City,2,0.0,-0.06,0.06,-0.06,-0.02,0,Players
381,0.0,1.0,MID,Victor_Torp,Torp,2.0,0.0,19.0,0.0,0.0,1.0,0.0,0.0,0.0,2.0,0.01,0.01,0.69,55.0,Coventry City,2,0.0,-0.01,0.01,-0.01,0.31000000000000005,0,Players
382,0.05,1.0,MID,Loum_Tchaouna,Tchaouna,2.0,0.0,58.0,0.0,0.0,0.0,0.0,0.0,0.0,6.0,0.13,0.18,0.02,55.0,Coventry City,2,-0.05,-0.13,0.18,-0.18,-0.02,0,Players
383,0.0,1.0,FWD,Brandon_Thomas-Asante,Thomas-Asante,2.0,0.0,32.0,0.0,0.0,1.0,0.0,0.0,0.0,2.0,0.0,0.0,0.69,50.0,Coventry City,2,0.0,0.0,0.0,0.0,0.31000000000000005,0,Players
384,0.93,2.0,FWD,Taiwo_Awoniyi,Awoniyi,2.0,0.0,90.0,0.0,0.0,1.0,0.0,0.0,0.0,3.0,0.03,0.96,0.72,55.0,Coventry City,2,-0.93,-0.03,0.9600000000000001,-0.9600000000000001,0.28,0,Players
385,0.03,3.0,MID,Caleb_Yirenkyi,Yirenkyi,2.0,0.0,70.0,0.0,1.0,0.0,0.0,0.0,0.0,7.0,0.13,0.16,0.02,50.0,Coventry City,2,-0.03,-0.13,0.16,-0.16,-0.02,0,Players
386,0.0,1.0,MID,Gustavo_Hamer,Hamer,2.0,0.0,19.0,0.0,0.0,1.0,0.0,0.0,0.0,0.0,0.02,0.02,0.69,55.0,Coventry City,2,0.0,-0.02,0.02,-0.02,0.31000000000000005,0,Players
387,0.0,1.0,MID,Evann_Guessand,Guessand,2.0,0.0,27.0,0.0,0.0,1.0,0.0,0.0,0.0,1.0,0.01,0.01,0.2,55.0,Crystal Palace,2,0.0,-0.01,0.01,-0.01,0.8,0,Players
388,0.0,1.0,DEF,Axel_Disasi,Disasi,2.0,0.0,16.0,0.0,0.0,1.0,0.0,0.0,0.0,1.0,0.0,0.0,0.2,45.0,Crystal Palace,2,0.0,0.0,0.0,0.0,0.8,0,Players
389,0.0,1.0,GKP,Dean_Henderson,Henderson,2.0,0.0,90.0,0.0,0.0,4.0,0.0,4.0,0.0,0.0,0.0,0.0,2.21,50.0,Crystal Palace,2,0.0,0.0,0.0,0.0,1.79,0,Players
390,0.04,0.0,DEF,Chris_Richards,Richards,2.0,0.0,90.0,0.0,0.0,4.0,0.0,0.0,0.0,6.0,0.0,0.04,2.21,50.0,Crystal Palace,2,-0.04,0.0,0.04,-0.04,1.79,0,Players
391,0.0,0.0,DEF,Jaydee_Canvot,Canvot,2.0,0.0,90.0,0.0,0.0,4.0,0.0,0.0,0.0,7.0,0.0,0.0,2.21,50.0,Crystal Palace,2,0.0,0.0,0.0,0.0,1.79,0,Players
392,0.11,0.0,DEF,Tyrick_Mitchell,Mitchell,2.0,0.0,90.0,0.0,0.0,4.0,0.0,0.0,0.0,5.0,0.16,0.27,2.21,45.0,Crystal Palace,2,-0.11,-0.16,0.27,-0.27,1.79,0,Players
393,0.0,1.0,DEF,Oscar_Mingueza,Mingueza,2.0,0.0,15.0,0.0,0.0,1.0,0.0,0.0,0.0,1.0,0.0,0.0,0.2,45.0,Crystal Palace,2,0.0,0.0,0.0,0.0,0.8,0,Players
394,0.0,2.0,MID,Adam_Wharton,Wharton,2.0,0.0,90.0,0.0,0.0,4.0,0.0,0.0,0.0,7.0,0.07,0.07,2.21,55.0,Crystal Palace,2,0.0,-0.07,0.07,-0.07,1.79,0,Players
395,0.05,5.0,MID,Yéremy_Pino Santos,Yeremy,2.0,0.0,67.0,1.0,0.0,3.0,0.0,0.0,0.0,10.0,0.07,0.12,2.01,55.0,Crystal Palace,2,-0.05,0.9299999999999999,0.12000000000000001,0.88,0.9900000000000002,0,Players
396,0.05,2.0,MID,Daichi_Kamada,Kamada,2.0,0.0,90.0,0.0,0.0,4.0,0.0,0.0,0.0,9.0,0.02,0.07,2.21,50.0,Crystal Palace,2,-0.05,-0.02,0.07,-0.07,1.79,0,Players
397,0.05,2.0,FWD,Jørgen_Strand Larsen,Strand Larsen,2.0,0.0,62.0,0.0,0.0,3.0,0.0,0.0,0.0,4.0,0.0,0.05,2.01,60.0,Crystal Palace,2,-0.05,0.0,0.05,-0.05,0.9900000000000002,0,Players
398,0.36,2.0,FWD,Eddie_Nketiah,Nketiah,2.0,0.0,67.0,0.0,0.0,3.0,0.0,0.0,0.0,6.0,0.0,0.36,2.01,55.0,Crystal Palace,2,-0.36,0.0,0.36,-0.36,0.9900000000000002,0,Players
399,0.0,1.0,MID,Dwight_McNeil,McNeil,2.0,0.0,22.0,0.0,0.0,1.0,0.0,0.0,0.0,2.0,0.0,0.0,0.2,55.0,Crystal Palace,2,0.0,0.0,0.0,0.0,0.8,0,Players
400,0.0,1.0,DEF,Takehiro_Tomiyasu,Tomiyasu,2.0,0.0,73.0,0.0,0.0,3.0,0.0,0.0,0.0,8.0,0.0,0.0,2.01,45.0,Crystal Palace,2,0.0,0.0,0.0,0.0,0.9900000000000002,0,Players
401,0.02,2.0,DEF,Anan_Khalaili,Khalaili,2.0,0.0,74.0,0.0,0.0,3.0,1.0,0.0,0.0,14.0,0.0,0.02,2.01,50.0,Crystal Palace,2,-0.02,0.0,0.02,-0.02,0.9900000000000002,1,Players
402,0.0,1.0,MID,Zavier_Gozo,Gozo,2.0,0.0,22.0,0.0,0.0,1.0,0.0,0.0,0.0,1.0,0.0,0.0,0.2,50.0,Crystal Palace,2,0.0,0.0,0.0,0.0,0.8,0,Players
403,0.0,1.0,MID,Brennan_Johnson,Johnson,2.0,0.0,28.0,0.0,0.0,0.0,0.0,0.0,0.0,2.0,0.0,0.0,1.58,60.0,Everton,2,0.0,0.0,0.0,0.0,-1.58,0,Players
404,0.0,3.0,GKP,Jordan_Pickford,Pickford,2.0,0.0,90.0,0.0,0.0,1.0,0.0,4.0,0.0,0.0,0.0,0.0,2.16,55.0,Everton,2,0.0,0.0,0.0,0.0,-1.1600000000000001,0,Players
405,0.1,12.0,DEF,James_Tarkowski,Tarkowski,2.0,1.0,90.0,0.0,0.0,1.0,0.0,0.0,2.0,10.0,0.01,0.11,2.16,60.0,Everton,2,0.9,-0.01,0.11,0.89,-1.1600000000000001,1,Players
406,0.09,4.0,DEF,Jarrad_Branthwaite,Branthwaite,2.0,0.0,90.0,0.0,0.0,1.0,0.0,0.0,0.0,12.0,0.01,0.1,2.16,55.0,Everton,2,-0.09,-0.01,0.09999999999999999,-0.09999999999999999,-1.1600000000000001,1,Players
407,0.0,4.0,DEF,Vitalii_Mykolenko,Mykolenko,2.0,0.0,90.0,0.0,0.0,1.0,0.0,0.0,0.0,12.0,0.01,0.01,2.16,45.0,Everton,2,0.0,-0.01,0.01,-0.01,-1.1600000000000001,1,Players
408,0.06,2.0,MID,Kiernan_Dewsbury-Hall,Dewsbury-Hall,2.0,0.0,90.0,0.0,0.0,1.0,0.0,0.0,0.0,10.0,0.16,0.22,2.16,65.0,Everton,2,-0.06,-0.16,0.22,-0.22,-1.1600000000000001,0,Players
409,0.02,4.0,MID,Iliman_Ndiaye,Ndiaye,2.0,0.0,90.0,0.0,0.0,1.0,0.0,0.0,0.0,13.0,0.07,0.09,2.16,60.0,Everton,2,-0.02,-0.07,0.09000000000000001,-0.09000000000000001,-1.1600000000000001,1,Players
410,0.0,1.0,MID,James_Garner,Garner,2.0,0.0,61.0,0.0,0.0,1.0,1.0,0.0,0.0,10.0,0.0,0.0,0.58,60.0,Everton,2,0.0,0.0,0.0,0.0,0.42000000000000004,0,Players
411,0.0,1.0,MID,Tim_Iroegbunam,Iroegbunam,2.0,0.0,4.0,0.0,0.0,0.0,0.0,0.0,0.0,0.0,0.0,0.0,0.0,50.0,Everton,2,0.0,0.0,0.0,0.0,0.0,0,Players
412,0.05,2.0,MID,Tyrique_George,George,2.0,0.0,61.0,0.0,0.0,1.0,0.0,0.0,0.0,2.0,0.01,0.06,0.58,55.0,Everton,2,-0.05,-0.01,0.060000000000000005,-0.060000000000000005,0.42000000000000004,0,Players
413,0.03,0.0,MID,Carlos_Alcaraz Durán,Alcaraz,2.0,0.0,4.0,0.0,0.0,0.0,1.0,0.0,0.0,0.0,0.02,0.05,0.0,50.0,Everton,2,-0.03,-0.02,0.05,-0.05,0.0,0,Players
414,0.0,2.0,MID,Harrison_Armstrong,Armstrong,2.0,0.0,86.0,0.0,0.0,1.0,0.0,0.0,0.0,9.0,0.03,0.03,2.16,50.0,Everton,2,0.0,-0.03,0.03,-0.03,-1.1600000000000001,0,Players
415,0.0,2.0,MID,Merlin_Röhl,Röhl,2.0,0.0,85.0,0.0,0.0,1.0,0.0,0.0,0.0,9.0,0.01,0.01,2.16,50.0,Everton,2,0.0,-0.01,0.01,-0.01,-1.1600000000000001,0,Players
416,0.0,1.0,MID,Hayden_Hackney,Hackney,2.0,0.0,28.0,0.0,0.0,0.0,0.0,0.0,0.0,3.0,0.01,0.01,1.58,55.0,Everton,2,0.0,-0.01,0.01,-0.01,-1.58,0,Players
417,0.04,1.0,FWD,Norberto Bercique_Gomes Betuncal,0,2.0,0.0,20.0,0.0,0.0,0.0,0.0,0.0,0.0,1.0,0.0,0.04,1.58,55.0,Everton,2,-0.04,0.0,0.04,-0.04,-1.58,0,Players
418,1.48,2.0,FWD,Thierno_Barry,Barry,2.0,0.0,69.0,0.0,0.0,1.0,0.0,0.0,0.0,3.0,0.0,1.48,0.58,55.0,Everton,2,-1.48,0.0,1.48,-1.48,0.42000000000000004,0,Players
419,0.0,3.0,GKP,Bernd_Leno,Leno,2.0,0.0,90.0,0.0,0.0,1.0,0.0,3.0,0.0,0.0,0.0,0.0,2.02,45.0,Fulham,2,0.0,0.0,0.0,0.0,-1.02,0,Players
420,0.0,1.0,DEF,Joachim_Andersen,Andersen,2.0,0.0,90.0,0.0,0.0,1.0,1.0,0.0,0.0,8.0,0.04,0.04,2.02,50.0,Fulham,2,0.0,-0.04,0.04,-0.04,-1.02,0,Players
421,0.0,2.0,DEF,Antonee_Robinson,Robinson,2.0,0.0,90.0,0.0,0.0,1.0,0.0,0.0,0.0,3.0,0.02,0.02,2.02,45.0,Fulham,2,0.0,-0.02,0.02,-0.02,-1.02,0,Players
422,0.0,2.0,DEF,Calvin_Bassey,Bassey,2.0,0.0,90.0,0.0,0.0,1.0,0.0,0.0,0.0,7.0,0.01,0.01,2.02,45.0,Fulham,2,0.0,-0.01,0.01,-0.01,-1.02,0,Players
423,0.0,6.0,DEF,Timothy_Castagne,Castagne,2.0,0.0,67.0,0.0,1.0,0.0,0.0,0.0,0.0,2.0,0.0,0.0,0.26,45.0,Fulham,2,0.0,0.0,0.0,0.0,-0.26,0,Players
424,0.01,2.0,MID,Alex_Iwobi,Iwobi,2.0,0.0,90.0,0.0,0.0,1.0,0.0,0.0,0.0,4.0,0.4,0.41,2.02,55.0,Fulham,2,-0.01,-0.4,0.41000000000000003,-0.41000000000000003,-1.02,0,Players
425,0.06,1.0,MID,Emile_Smith Rowe,Smith Rowe,2.0,0.0,14.0,0.0,0.0,0.0,0.0,0.0,0.0,1.0,0.02,0.08,0.41,55.0,Fulham,2,-0.06,-0.02,0.08,-0.08,-0.41,0,Players
426,0.0,1.0,MID,Kevin_Santos Lopes de Macedo,Kevin,2.0,0.0,7.0,0.0,0.0,0.0,0.0,0.0,0.0,0.0,0.04,0.04,0.17,55.0,Fulham,2,0.0,-0.04,0.04,-0.04,-0.17,0,Players
427,0.0,3.0,MID,Oscar_Bobb,Bobb,2.0,0.0,67.0,0.0,1.0,0.0,0.0,0.0,0.0,5.0,0.01,0.01,0.26,55.0,Fulham,2,0.0,-0.01,0.01,-0.01,-0.26,0,Players
428,0.0,2.0,MID,Sander_Berge,Berge,2.0,0.0,82.0,0.0,0.0,1.0,0.0,0.0,0.0,2.0,0.2,0.2,1.85,50.0,Fulham,2,0.0,-0.2,0.2,-0.2,-0.8500000000000001,0,Players
429,0.47,2.0,MID,Josh_King,King,2.0,0.0,90.0,0.0,0.0,1.0,0.0,0.0,0.0,4.0,0.03,0.5,2.02,55.0,Fulham,2,-0.47,-0.03,0.5,-0.5,-1.02,0,Players
430,0.02,1.0,DEF,Ryan_Sessegnon,Sessegnon,2.0,0.0,22.0,0.0,0.0,1.0,0.0,0.0,0.0,1.0,0.12,0.14,1.77,45.0,Fulham,2,-0.02,-0.12,0.13999999999999999,-0.13999999999999999,-0.77,0,Players
431,0.27,2.0,FWD,Gonzalo_García,Gonzalo,2.0,0.0,90.0,0.0,0.0,1.0,0.0,0.0,0.0,4.0,0.01,0.28,2.02,60.0,Fulham,2,-0.27,-0.01,0.28,-0.28,-1.02,0,Players
432,0.02,1.0,MID,César_Palacios,Palacios,2.0,0.0,75.0,0.0,0.0,1.0,1.0,0.0,0.0,9.0,0.0,0.02,1.62,55.0,Fulham,2,-0.02,0.0,0.02,-0.02,-0.6200000000000001,0,Players
433,0.09,1.0,MID,Shea_Charles,Charles,2.0,0.0,22.0,0.0,0.0,1.0,0.0,0.0,0.0,2.0,0.03,0.12,1.77,50.0,Fulham,2,-0.09,-0.03,0.12,-0.12,-0.77,0,Players
434,0.0,9.0,DEF,John_Egan,Egan,2.0,0.0,90.0,0.0,1.0,0.0,0.0,0.0,1.0,13.0,0.0,0.0,1.29,40.0,Hull City,2,0.0,0.0,0.0,0.0,-1.29,1,Players
435,0.0,6.0,DEF,Semi_Ajayi,Ajayi,2.0,0.0,90.0,0.0,1.0,0.0,0.0,0.0,0.0,7.0,0.0,0.0,1.29,40.0,Hull City,2,0.0,0.0,0.0,0.0,-1.29,0,Players
436,0.0,0.0,DEF,Lewie_Coyle,Coyle,2.0,0.0,45.0,0.0,0.0,0.0,1.0,0.0,0.0,4.0,0.0,0.0,1.09,40.0,Hull City,2,0.0,0.0,0.0,0.0,-1.09,0,Players
437,0.0,1.0,DEF,Cody_Drameh,Drameh,2.0,0.0,45.0,0.0,0.0,0.0,0.0,0.0,0.0,3.0,0.0,0.0,0.2,40.0,Hull City,2,0.0,0.0,0.0,0.0,-0.2,0,Players
438,0.0,6.0,DEF,Ryan_Giles,Giles,2.0,0.0,90.0,0.0,1.0,0.0,0.0,0.0,0.0,2.0,0.07,0.07,1.29,40.0,Hull City,2,0.0,-0.07,0.07,-0.07,-1.29,0,Players
439,0.12,6.0,MID,Mohamed_Belloumi,Belloumi,2.0,0.0,82.0,1.0,1.0,0.0,0.0,0.0,0.0,10.0,0.02,0.14,1.11,50.0,Hull City,2,-0.12,0.98,0.13999999999999999,0.86,-1.11,0,Players
440,0.58,6.0,MID,Liam_Millar,Millar,2.0,1.0,31.0,0.0,0.0,0.0,0.0,0.0,0.0,1.0,0.0,0.58,0.2,50.0,Hull City,2,0.42000000000000004,0.0,0.58,0.42000000000000004,-0.2,0,Players
441,0.0,2.0,MID,Regan_Slater,Slater,2.0,0.0,90.0,0.0,1.0,0.0,1.0,0.0,0.0,10.0,0.01,0.01,1.29,45.0,Hull City,2,0.0,-0.01,0.01,-0.01,-1.29,0,Players
442,0.0,1.0,FWD,Oli_McBurnie,McBurnie,2.0,0.0,90.0,0.0,1.0,0.0,1.0,0.0,0.0,4.0,0.01,0.01,1.29,55.0,Hull City,2,0.0,-0.01,0.01,-0.01,-1.29,0,Players
443,0.0,1.0,MID,Hidemasa_Morita,Morita,2.0,0.0,45.0,0.0,0.0,0.0,0.0,0.0,0.0,3.0,0.0,0.0,1.09,50.0,Hull City,2,0.0,0.0,0.0,0.0,-1.09,0,Players
444,0.0,10.0,GKP,Konstantinos_Tzolakis,Tzolakis,2.0,0.0,90.0,0.0,1.0,0.0,0.0,3.0,3.0,0.0,0.0,0.0,1.29,45.0,Hull City,2,0.0,0.0,0.0,0.0,-1.29,0,Players
445,0.01,0.0,MID,Elliot_Stroud,Stroud,2.0,0.0,58.0,0.0,0.0,0.0,1.0,0.0,0.0,7.0,0.01,0.02,1.09,50.0,Hull City,2,-0.01,-0.01,0.02,-0.02,-1.09,0,Players
446,0.0,1.0,DEF,Lucas_Herrington,Herrington,2.0,0.0,31.0,0.0,0.0,0.0,0.0,0.0,0.0,1.0,0.0,0.0,0.2,40.0,Hull City,2,0.0,0.0,0.0,0.0,-0.2,0,Players
447,0.01,1.0,DEF,Nobel_Mendy,Mendy,2.0,0.0,58.0,0.0,0.0,0.0,0.0,0.0,0.0,9.0,0.0,0.01,1.09,40.0,Hull City,2,-0.01,0.0,0.01,-0.01,-1.09,0,Players
448,0.0,1.0,MID,Lucas_Gourna-Douath,Gourna-Douath,2.0,0.0,45.0,0.0,0.0,0.0,0.0,0.0,0.0,6.0,0.01,0.01,0.2,50.0,Hull City,2,0.0,-0.01,0.01,-0.01,-0.2,0,Players
449,0.0,1.0,MID,Mohamed-Ali_Cho,Cho,2.0,0.0,7.0,0.0,0.0,0.0,0.0,0.0,0.0,0.0,0.0,0.0,0.18,50.0,Hull City,2,0.0,0.0,0.0,0.0,-0.18,0,Players
450,0.0,2.0,DEF,Issa_Diop,Diop,2.0,0.0,90.0,0.0,0.0,5.0,0.0,0.0,0.0,11.0,0.0,0.0,4.56,40.0,Ipswich Town,2,0.0,0.0,0.0,0.0,0.4400000000000004,1,Players
451,0.01,1.0,MID,Saša_Lukić,Lukić,2.0,0.0,72.0,0.0,0.0,4.0,1.0,0.0,0.0,11.0,0.02,0.03,3.82,50.0,Ipswich Town,2,-0.01,-0.02,0.03,-0.03,0.18000000000000016,0,Players
452,0.07,0.0,DEF,Dara_O'Shea,O'Shea,2.0,0.0,90.0,0.0,0.0,5.0,0.0,0.0,0.0,1.0,0.01,0.08,4.56,40.0,Ipswich Town,2,-0.07,-0.01,0.08,-0.08,0.4400000000000004,0,Players
453,0.49,6.0,DEF,Leif_Davis,Davis,2.0,1.0,90.0,0.0,0.0,5.0,0.0,0.0,0.0,4.0,0.12,0.61,4.56,40.0,Ipswich Town,2,0.51,-0.12,0.61,0.39,0.4400000000000004,0,Players
454,0.0,-1.0,DEF,Jacob_Greaves,Greaves,2.0,0.0,90.0,0.0,0.0,5.0,1.0,0.0,0.0,10.0,0.01,0.01,4.56,40.0,Ipswich Town,2,0.0,-0.01,0.01,-0.01,0.4400000000000004,1,Players
455,0.0,1.0,DEF,Darnell_Furlong,Furlong,2.0,0.0,17.0,0.0,0.0,1.0,0.0,0.0,0.0,2.0,0.0,0.0,0.73,40.0,Ipswich Town,2,0.0,0.0,0.0,0.0,0.27,0,Players
456,0.0,2.0,MID,Marcelino_Núñez,Núñez,2.0,0.0,61.0,0.0,0.0,3.0,0.0,0.0,0.0,9.0,0.02,0.02,2.81,50.0,Ipswich Town,2,0.0,-0.02,0.02,-0.02,0.18999999999999995,0,Players
457,0.0,4.0,MID,Abdul_Fatawu,Fatawu,2.0,0.0,82.0,1.0,0.0,5.0,1.0,0.0,0.0,4.0,0.23,0.23,4.42,55.0,Ipswich Town,2,0.0,0.77,0.23,0.77,0.5800000000000001,0,Players
458,0.0,1.0,FWD,Emersonn_Correia da Silva,Emersonn,2.0,0.0,45.0,0.0,0.0,1.0,0.0,0.0,0.0,1.0,0.0,0.0,0.74,55.0,Ipswich Town,2,0.0,0.0,0.0,0.0,0.26,0,Players
459,0.97,5.0,FWD,Chuba_Akpom,Akpom,2.0,1.0,45.0,0.0,0.0,4.0,0.0,0.0,0.0,0.0,0.0,0.97,3.82,50.0,Ipswich Town,2,0.030000000000000027,0.0,0.97,0.030000000000000027,0.18000000000000016,0,Players
460,0.0,1.0,MID,Kasey_McAteer,McAteer,2.0,0.0,7.0,0.0,0.0,0.0,0.0,0.0,0.0,1.0,0.0,0.0,0.14,45.0,Ipswich Town,2,0.0,0.0,0.0,0.0,-0.14,0,Players
461,0.05,2.0,MID,Daizen_Maeda,Maeda,2.0,0.0,72.0,0.0,0.0,4.0,0.0,0.0,0.0,4.0,0.01,0.06,3.82,55.0,Ipswich Town,2,-0.05,-0.01,0.060000000000000005,-0.060000000000000005,0.18000000000000016,0,Players
462,0.0,2.0,GKP,Kjell_Scherpen,Scherpen,2.0,0.0,90.0,0.0,0.0,5.0,0.0,6.0,0.0,0.0,0.0,0.0,4.56,45.0,Ipswich Town,2,0.0,0.0,0.0,0.0,0.4400000000000004,0,Players
463,0.4,5.0,MID,Julio_Enciso,Enciso,2.0,0.0,90.0,1.0,0.0,5.0,0.0,0.0,0.0,8.0,0.31,0.71,4.56,55.0,Ipswich Town,2,-0.4,0.69,0.71,0.29000000000000004,0.4400000000000004,0,Players
464,0.0,1.0,DEF,Abdoul_Ouattara,Ouattara,2.0,0.0,17.0,0.0,0.0,1.0,0.0,0.0,0.0,0.0,0.0,0.0,0.73,40.0,Ipswich Town,2,0.0,0.0,0.0,0.0,0.27,0,Players
465,0.0,1.0,MID,Exequiel_Palacios,Palacios,2.0,0.0,28.0,0.0,0.0,2.0,0.0,0.0,0.0,6.0,0.01,0.01,1.74,50.0,Ipswich Town,2,0.0,-0.01,0.01,-0.01,0.26,0,Players
466,0.01,1.0,MID,Harry_Wilson,Wilson,2.0,0.0,45.0,0.0,0.0,0.0,0.0,0.0,0.0,6.0,0.04,0.05,1.13,65.0,Leeds,2,-0.01,-0.04,0.05,-0.05,-1.13,0,Players
467,0.0,1.0,DEF,Jaka_Bijol,Bijol,2.0,0.0,45.0,0.0,0.0,1.0,0.0,0.0,0.0,5.0,0.0,0.0,0.55,50.0,Leeds,2,0.0,0.0,0.0,0.0,0.44999999999999996,0,Players
468,0.0,1.0,DEF,Joe_Rodon,Rodon,2.0,0.0,33.0,0.0,0.0,0.0,0.0,0.0,0.0,4.0,0.0,0.0,0.35,45.0,Leeds,2,0.0,0.0,0.0,0.0,-0.35,0,Players
469,0.0,2.0,DEF,Jayden_Bogle,Bogle,2.0,0.0,67.0,0.0,0.0,1.0,0.0,0.0,0.0,7.0,0.01,0.01,0.74,45.0,Leeds,2,0.0,-0.01,0.01,-0.01,0.26,0,Players
470,0.03,2.0,DEF,James_Justin,Justin,2.0,0.0,90.0,0.0,0.0,1.0,0.0,0.0,0.0,8.0,0.01,0.04,1.67,45.0,Leeds,2,-0.03,-0.01,0.04,-0.04,-0.6699999999999999,0,Players
471,0.0,4.0,DEF,Tarik_Muharemović,Muharemović,2.0,0.0,90.0,0.0,0.0,1.0,0.0,0.0,0.0,19.0,0.01,0.01,1.67,50.0,Leeds,2,0.0,-0.01,0.01,-0.01,-0.6699999999999999,1,Players
472,0.07,4.0,MID,Anton_Stach,Stach,2.0,0.0,90.0,0.0,0.0,1.0,0.0,0.0,0.0,16.0,0.01,0.08,1.67,60.0,Leeds,2,-0.07,-0.01,0.08,-0.08,-0.6699999999999999,1,Players
473,0.08,2.0,MID,Noah_Okafor,Okafor,2.0,0.0,68.0,0.0,0.0,1.0,0.0,0.0,0.0,2.0,0.01,0.09,0.74,60.0,Leeds,2,-0.08,-0.01,0.09,-0.09,0.26,0,Players
474,0.0,1.0,MID,Brenden_Aaronson,Aaronson,2.0,0.0,45.0,0.0,0.0,1.0,0.0,0.0,0.0,3.0,0.01,0.01,0.55,55.0,Leeds,2,0.0,-0.01,0.01,-0.01,0.44999999999999996,0,Players
475,0.01,2.0,MID,Ethan_Ampadu,Ampadu,2.0,0.0,90.0,0.0,0.0,1.0,0.0,0.0,0.0,10.0,0.09,0.1,1.67,55.0,Leeds,2,-0.01,-0.09,0.09999999999999999,-0.09999999999999999,-0.6699999999999999,0,Players
476,0.24,1.0,MID,Daniel_James,James,2.0,0.0,22.0,0.0,0.0,0.0,0.0,0.0,0.0,2.0,0.01,0.25,0.93,50.0,Leeds,2,-0.24,-0.01,0.25,-0.25,-0.93,0,Players
477,0.0,1.0,MID,Tanaka_Ao,Tanaka,2.0,0.0,45.0,0.0,0.0,0.0,0.0,0.0,0.0,11.0,0.01,0.01,1.13,50.0,Leeds,2,0.0,-0.01,0.01,-0.01,-1.13,0,Players
478,0.92,8.0,FWD,Dominic_Calvert-Lewin,Calvert-Lewin,2.0,1.0,90.0,0.0,0.0,1.0,0.0,0.0,2.0,4.0,0.02,0.94,1.67,60.0,Leeds,2,0.07999999999999996,-0.02,0.9400000000000001,0.05999999999999994,-0.6699999999999999,0,Players
479,0.1,4.0,FWD,Lukas_Nmecha,Nmecha,2.0,0.0,21.0,1.0,0.0,0.0,0.0,0.0,0.0,1.0,0.0,0.1,0.93,55.0,Leeds,2,-0.1,1.0,0.1,0.9,-0.93,0,Players
480,0.0,3.0,GKP,James_Trafford,Trafford,2.0,0.0,90.0,0.0,0.0,1.0,0.0,4.0,0.0,0.0,0.0,0.0,1.67,50.0,Leeds,2,0.0,0.0,0.0,0.0,-0.6699999999999999,0,Players
481,0.0,1.0,DEF,Nico_Elvedi,Elvedi,2.0,0.0,56.0,0.0,0.0,1.0,0.0,0.0,0.0,6.0,0.0,0.0,1.32,45.0,Leeds,2,0.0,0.0,0.0,0.0,-0.32000000000000006,0,Players
482,0.0,0.0,GKP,Alisson_Ramses Becker,A.Becker,2.0,0.0,90.0,0.0,0.0,2.0,1.0,1.0,0.0,0.0,0.0,0.0,2.3,55.0,Liverpool,2,0.0,0.0,0.0,0.0,-0.2999999999999998,0,Players
483,0.0,1.0,DEF,Virgil_van Dijk,Virgil,2.0,0.0,90.0,0.0,0.0,2.0,0.0,0.0,0.0,7.0,0.03,0.03,2.3,65.0,Liverpool,2,0.0,-0.03,0.03,-0.03,-0.2999999999999998,0,Players
484,0.0,1.0,DEF,Jeremie_Frimpong,Frimpong,2.0,0.0,70.0,0.0,0.0,2.0,0.0,0.0,0.0,6.0,0.02,0.02,2.23,55.0,Liverpool,2,0.0,-0.02,0.02,-0.02,-0.22999999999999998,0,Players
485,0.0,1.0,DEF,Milos_Kerkez,Kerkez,2.0,0.0,70.0,0.0,0.0,2.0,0.0,0.0,0.0,8.0,0.01,0.01,2.23,55.0,Liverpool,2,0.0,-0.01,0.01,-0.01,-0.22999999999999998,0,Players
486,0.0,3.0,DEF,Jeremy_Jacquet,Jacquet,2.0,0.0,76.0,0.0,0.0,2.0,0.0,0.0,0.0,11.0,0.05,0.05,2.23,50.0,Liverpool,2,0.0,-0.05,0.05,-0.05,-0.22999999999999998,1,Players
487,0.04,1.0,DEF,Kostas_Tsimikas,Tsimikas,2.0,0.0,19.0,0.0,0.0,0.0,0.0,0.0,0.0,0.0,0.01,0.05,0.07,50.0,Liverpool,2,-0.04,-0.01,0.05,-0.05,-0.07,0,Players
488,0.23,4.0,MID,Florian_Wirtz,Wirtz,2.0,0.0,90.0,1.0,0.0,2.0,1.0,0.0,0.0,10.0,0.2,0.43,2.3,75.0,Liverpool,2,-0.23,0.8,0.43000000000000005,0.57,-0.2999999999999998,0,Players
489,0.0,5.0,MID,Cody_Gakpo,Gakpo,2.0,0.0,70.0,1.0,0.0,2.0,0.0,0.0,0.0,3.0,0.65,0.65,2.23,70.0,Liverpool,2,0.0,0.35,0.65,0.35,-0.22999999999999998,0,Players
490,0.16,4.0,MID,Dominik_Szoboszlai,Szoboszlai,2.0,0.0,90.0,0.0,0.0,2.0,0.0,0.0,0.0,13.0,0.17,0.33,2.3,70.0,Liverpool,2,-0.16,-0.17,0.33,-0.33,-0.2999999999999998,1,Players
491,0.0,1.0,MID,Rio_Ngumoha,Ngumoha,2.0,0.0,19.0,0.0,0.0,0.0,0.0,0.0,0.0,0.0,0.03,0.03,0.07,60.0,Liverpool,2,0.0,-0.03,0.03,-0.03,-0.07,0,Players
492,0.0,1.0,MID,Ryan_Gravenberch,Gravenberch,2.0,0.0,19.0,0.0,0.0,0.0,0.0,0.0,0.0,1.0,0.01,0.01,0.07,60.0,Liverpool,2,0.0,-0.01,0.01,-0.01,-0.07,0,Players
493,0.0,2.0,MID,Alexis_Mac Allister,Mac Allister,2.0,0.0,76.0,0.0,0.0,2.0,0.0,0.0,0.0,10.0,0.39,0.39,2.23,55.0,Liverpool,2,0.0,-0.39,0.39,-0.39,-0.22999999999999998,0,Players
494,0.0,1.0,MID,Trey_Nyoni,Nyoni,2.0,0.0,13.0,0.0,0.0,0.0,0.0,0.0,0.0,5.0,0.0,0.0,0.07,50.0,Liverpool,2,0.0,0.0,0.0,0.0,-0.07,0,Players
495,0.32,6.0,MID,Victor_Munoz,Munoz,2.0,1.0,90.0,0.0,0.0,2.0,1.0,0.0,0.0,7.0,0.19,0.51,2.3,65.0,Liverpool,2,0.6799999999999999,-0.19,0.51,0.49,-0.2999999999999998,0,Players
496,0.99,8.0,FWD,Alexander_Isak,Isak,2.0,1.0,90.0,0.0,0.0,2.0,0.0,0.0,2.0,1.0,0.0,0.99,2.3,90.0,Liverpool,2,0.010000000000000009,0.0,0.99,0.010000000000000009,-0.2999999999999998,0,Players
497,0.0,0.0,DEF,Ronald_Araujo,Araujo,2.0,0.0,13.0,0.0,0.0,0.0,1.0,0.0,0.0,1.0,0.01,0.01,0.07,55.0,Liverpool,2,0.0,-0.01,0.01,-0.01,-0.07,0,Players
498,0.0,0.0,GKP,Gianluigi_Donnarumma,Donnarumma,2.0,0.0,90.0,0.0,0.0,1.0,0.0,1.0,0.0,0.0,0.0,0.0,0.66,55.0,Man City,2,0.0,0.0,0.0,0.0,0.33999999999999997,0,Players
499,0.02,2.0,DEF,Nico_O'Reilly,O'Reilly,2.0,0.0,88.0,0.0,0.0,1.0,0.0,0.0,0.0,1.0,0.02,0.04,0.66,65.0,Man City,2,-0.02,-0.02,0.04,-0.04,0.33999999999999997,0,Players
500,0.0,2.0,DEF,Marc_Guéhi,Guéhi,2.0,0.0,90.0,0.0,0.0,1.0,0.0,0.0,0.0,5.0,0.04,0.04,0.66,60.0,Man City,2,0.0,-0.04,0.04,-0.04,0.33999999999999997,0,Players
501,0.09,2.0,DEF,Rúben_Gato Alves Dias,Rúben,2.0,0.0,90.0,0.0,0.0,1.0,0.0,0.0,0.0,6.0,0.57,0.66,0.66,55.0,Man City,2,-0.09,-0.57,0.6599999999999999,-0.6599999999999999,0.33999999999999997,0,Players
502,0.0,5.0,DEF,Joško_Gvardiol,Gvardiol,2.0,0.0,74.0,1.0,0.0,1.0,0.0,0.0,0.0,2.0,0.04,0.04,0.66,55.0,Man City,2,0.0,0.96,0.04,0.96,0.33999999999999997,0,Players
503,0.0,2.0,DEF,Abdukodir_Khusanov,Khusanov,2.0,0.0,88.0,0.0,0.0,1.0,0.0,0.0,0.0,7.0,0.02,0.02,0.66,55.0,Man City,2,0.0,-0.02,0.02,-0.02,0.33999999999999997,0,Players
504,0.0,1.0,DEF,Vitor_de Oliveira Nunes dos Reis,Vitor Reis,2.0,0.0,1.0,0.0,0.0,0.0,0.0,0.0,0.0,0.0,0.0,0.0,0.0,45.0,Man City,2,0.0,0.0,0.0,0.0,0.0,0,Players
505,0.06,5.0,MID,Antoine_Semenyo,Semenyo,2.0,0.0,90.0,1.0,0.0,1.0,0.0,0.0,0.0,3.0,0.57,0.63,0.66,85.0,Man City,2,-0.06,0.43000000000000005,0.6299999999999999,0.3700000000000001,0.33999999999999997,0,Players
506,0.87,9.0,MID,Phil_Foden,Foden,2.0,0.0,90.0,2.0,0.0,1.0,0.0,0.0,1.0,7.0,0.45,1.32,0.66,70.0,Man City,2,-0.87,1.55,1.32,0.6799999999999999,0.33999999999999997,0,Players
507,0.35,14.0,MID,Rayan_Cherki,Cherki,2.0,2.0,81.0,0.0,0.0,1.0,1.0,0.0,3.0,3.0,0.55,0.9,0.66,75.0,Man City,2,1.65,-0.55,0.9,1.1,0.33999999999999997,0,Players
508,0.0,1.0,MID,Mateo_Kovačić,Kovačić,2.0,0.0,15.0,0.0,0.0,0.0,0.0,0.0,0.0,0.0,0.01,0.01,0.0,55.0,Man City,2,0.0,-0.01,0.01,-0.01,0.0,0,Players
509,0.66,13.0,FWD,Erling_Haaland,Haaland,2.0,2.0,90.0,0.0,0.0,1.0,0.0,0.0,3.0,5.0,0.0,0.66,0.66,155.0,Man City,2,1.3399999999999999,0.0,0.66,1.3399999999999999,0.33999999999999997,0,Players
510,0.07,3.0,MID,Elliot_Anderson,Anderson,2.0,0.0,81.0,0.0,0.0,1.0,1.0,0.0,0.0,14.0,0.22,0.29,0.66,64.0,Man City,2,-0.07,-0.22,0.29000000000000004,-0.29000000000000004,0.33999999999999997,1,Players
511,0.0,1.0,MID,Ayyoub_Bouaddi,Bouaddi,2.0,0.0,8.0,0.0,0.0,0.0,0.0,0.0,0.0,1.0,0.12,0.12,0.0,55.0,Man City,2,0.0,-0.12,0.12,-0.12,0.0,0,Players
512,0.1,1.0,MID,Ryan_McAidoo,McAidoo,2.0,0.0,8.0,0.0,0.0,0.0,0.0,0.0,0.0,0.0,0.0,0.1,0.0,45.0,Man City,2,-0.1,0.0,0.1,-0.1,0.0,0,Players
513,0.0,1.0,DEF,Kaden_Braithwaite,Braithwaite,2.0,0.0,1.0,0.0,0.0,0.0,0.0,0.0,0.0,0.0,0.0,0.0,0.0,40.0,Man City,2,0.0,0.0,0.0,0.0,0.0,0,Players
514,0.56,4.0,MID,Youri_Tielemans,Tielemans,2.0,0.0,90.0,0.0,0.0,2.0,0.0,0.0,0.0,12.0,0.11,0.67,2.01,60.0,Man Utd,2,-0.56,-0.11,0.67,-0.67,-0.009999999999999787,1,Players
515,0.0,1.0,MID,Andrey_Nascimento dos Santos,Andrey Santos,2.0,0.0,10.0,0.0,0.0,1.0,0.0,0.0,0.0,5.0,0.0,0.0,1.0,50.0,Man Utd,2,0.0,0.0,0.0,0.0,0.0,0,Players
516,0.0,2.0,GKP,Senne_Lammens,Lammens,2.0,0.0,90.0,0.0,0.0,2.0,0.0,3.0,0.0,0.0,0.0,0.0,2.01,50.0,Man Utd,2,0.0,0.0,0.0,0.0,-0.009999999999999787,0,Players
517,0.14,1.0,MID,Patrick_Dorgu,Dorgu,2.0,0.0,10.0,0.0,0.0,1.0,0.0,0.0,0.0,2.0,0.01,0.15,1.0,60.0,Man Utd,2,-0.14,-0.01,0.15000000000000002,-0.15000000000000002,0.0,0,Players
518,0.17,2.0,DEF,Diogo_Dalot Teixeira,Dalot,2.0,0.0,73.0,0.0,0.0,1.0,0.0,0.0,0.0,3.0,0.12,0.29,1.01,50.0,Man Utd,2,-0.17,-0.12,0.29000000000000004,-0.29000000000000004,-0.010000000000000009,0,Players
519,0.03,4.0,DEF,Harry_Maguire,Maguire,2.0,0.0,90.0,1.0,0.0,2.0,0.0,0.0,0.0,5.0,0.01,0.04,2.01,50.0,Man Utd,2,-0.03,0.99,0.04,0.96,-0.009999999999999787,0,Players
520,0.03,1.0,DEF,Lisandro_Martínez,Martinez,2.0,0.0,90.0,0.0,0.0,2.0,0.0,0.0,0.0,0.0,0.06,0.09,2.01,50.0,Man Utd,2,-0.03,-0.06,0.09,-0.09,-0.009999999999999787,0,Players
521,0.0,1.0,DEF,Leny_Yoro,Yoro,2.0,0.0,16.0,0.0,0.0,1.0,0.0,0.0,0.0,2.0,0.01,0.01,1.0,50.0,Man Utd,2,0.0,-0.01,0.01,-0.01,0.0,0,Players
522,0.0,1.0,DEF,Noussair_Mazraoui,Mazraoui,2.0,0.0,17.0,0.0,0.0,1.0,0.0,0.0,0.0,0.0,0.0,0.0,1.0,45.0,Man Utd,2,0.0,0.0,0.0,0.0,0.0,0,Players
523,0.0,2.0,DEF,Luke_Shaw,Shaw,2.0,0.0,72.0,0.0,0.0,1.0,0.0,0.0,0.0,8.0,0.02,0.02,1.01,45.0,Man Utd,2,0.0,-0.02,0.02,-0.02,-0.010000000000000009,0,Players
524,1.95,23.0,MID,Bruno_Borges Fernandes,B.Fernandes,2.0,3.0,90.0,1.0,0.0,2.0,0.0,0.0,3.0,7.0,0.27,2.22,2.01,120.0,Man Utd,2,1.05,0.73,2.2199999999999998,1.7800000000000002,-0.009999999999999787,0,Players
525,1.63,11.0,MID,Bryan_Mbeumo,Mbeumo,2.0,1.0,90.0,1.0,0.0,2.0,1.0,0.0,2.0,6.0,0.21,1.84,2.01,80.0,Man Utd,2,-0.6299999999999999,0.79,1.8399999999999999,0.16000000000000014,-0.009999999999999787,0,Players
526,0.11,9.0,MID,Matheus_Santos Carneiro Da Cunha,Cunha,2.0,0.0,79.0,2.0,0.0,1.0,0.0,0.0,1.0,2.0,0.15,0.26,1.01,80.0,Man Utd,2,-0.11,1.85,0.26,1.74,-0.010000000000000009,0,Players
527,0.26,2.0,MID,Marcus_Rashford,Rashford,2.0,0.0,79.0,0.0,0.0,1.0,0.0,0.0,0.0,6.0,0.05,0.31,1.01,70.0,Man Utd,2,-0.26,-0.05,0.31,-0.31,-0.010000000000000009,0,Players
528,0.14,4.0,MID,Kobbie_Mainoo,Mainoo,2.0,0.0,79.0,0.0,0.0,1.0,0.0,0.0,0.0,14.0,0.05,0.19,1.01,55.0,Man Utd,2,-0.14,-0.05,0.19,-0.19,-0.010000000000000009,1,Players
529,0.0,1.0,FWD,Benjamin_Sesko,Šeško,2.0,0.0,10.0,0.0,0.0,1.0,0.0,0.0,0.0,3.0,0.01,0.01,1.0,70.0,Man Utd,2,0.0,-0.01,0.01,-0.01,0.0,0,Players
530,0.0,2.0,MID,Nico_González Iglesias,N.Gonzalez,2.0,0.0,70.0,0.0,1.0,0.0,1.0,0.0,0.0,4.0,0.2,0.2,0.74,55.0,Newcastle,2,0.0,-0.2,0.2,-0.2,-0.74,0,Players
531,0.0,6.0,DEF,Malick_Thiaw,Thiaw,2.0,0.0,90.0,0.0,1.0,0.0,0.0,0.0,0.0,3.0,0.02,0.02,1.12,50.0,Newcastle,2,0.0,-0.02,0.02,-0.02,-1.12,0,Players
532,0.01,5.0,DEF,Sven_Botman,Botman,2.0,0.0,90.0,0.0,1.0,0.0,1.0,0.0,0.0,5.0,0.0,0.01,1.12,50.0,Newcastle,2,-0.01,0.0,0.01,-0.01,-1.12,0,Players
533,0.03,11.0,DEF,Lewis_Hall,Hall,2.0,0.0,90.0,0.0,1.0,0.0,0.0,0.0,3.0,13.0,0.31,0.34,1.12,50.0,Newcastle,2,-0.03,-0.31,0.33999999999999997,-0.33999999999999997,-1.12,1,Players
534,0.04,3.0,MID,Harvey_Barnes,Barnes,2.0,0.0,90.0,0.0,1.0,0.0,0.0,0.0,0.0,4.0,0.01,0.05,1.12,60.0,Newcastle,2,-0.04,-0.01,0.05,-0.05,-1.12,0,Players
535,0.2,8.0,MID,Anthony_Elanga,Elanga,2.0,1.0,81.0,0.0,1.0,0.0,0.0,0.0,0.0,3.0,0.1,0.3,0.74,60.0,Newcastle,2,0.8,-0.1,0.30000000000000004,0.7,-0.74,0,Players
536,0.0,1.0,MID,Jacob_Ramsey,J.Ramsey,2.0,0.0,8.0,0.0,0.0,0.0,0.0,0.0,0.0,1.0,0.13,0.13,0.38,50.0,Newcastle,2,0.0,-0.13,0.13,-0.13,-0.38,0,Players
537,0.0,1.0,MID,Jacob_Murphy,J.Murphy,2.0,0.0,8.0,0.0,0.0,0.0,0.0,0.0,0.0,3.0,0.2,0.2,0.38,60.0,Newcastle,2,0.0,-0.2,0.2,-0.2,-0.38,0,Players
538,0.0,3.0,MID,Lewis_Miley,L.Miley,2.0,0.0,90.0,0.0,1.0,0.0,0.0,0.0,0.0,9.0,0.04,0.04,1.12,55.0,Newcastle,2,0.0,-0.04,0.04,-0.04,-1.12,0,Players
539,0.07,3.0,MID,Joe_Willock,Willock,2.0,0.0,70.0,0.0,1.0,0.0,0.0,0.0,0.0,2.0,0.02,0.09,0.74,50.0,Newcastle,2,-0.07,-0.02,0.09000000000000001,-0.09000000000000001,-0.74,0,Players
540,0.0,1.0,MID,Bazoumana_Touré,Touré,2.0,0.0,1.0,0.0,0.0,0.0,0.0,0.0,0.0,0.0,0.0,0.0,0.0,60.0,Newcastle,2,0.0,0.0,0.0,0.0,0.0,0,Players
541,0.0,1.0,MID,Sean_Steur,Steur,2.0,0.0,19.0,0.0,0.0,0.0,0.0,0.0,0.0,3.0,0.0,0.0,0.38,50.0,Newcastle,2,0.0,0.0,0.0,0.0,-0.38,0,Players
542,0.02,4.0,FWD,Nick_Woltemade,Woltemade,2.0,0.0,19.0,1.0,0.0,0.0,0.0,0.0,0.0,0.0,0.01,0.03,0.38,60.0,Newcastle,2,-0.02,0.99,0.03,0.97,-0.38,0,Players
543,0.35,8.0,FWD,Yoane_Wissa,Wissa,2.0,1.0,81.0,0.0,1.0,0.0,0.0,0.0,2.0,6.0,0.0,0.35,0.74,60.0,Newcastle,2,0.65,0.0,0.35,0.65,-0.74,0,Players
544,0.0,7.0,GKP,Lukás_Hornícek,Horníček,2.0,0.0,90.0,0.0,1.0,0.0,0.0,4.0,0.0,0.0,0.0,0.0,1.12,50.0,Newcastle,2,0.0,0.0,0.0,0.0,-1.12,0,Players
545,0.0,11.0,DEF,Amar_Dedic,Dedić,2.0,0.0,90.0,1.0,1.0,0.0,0.0,0.0,2.0,8.0,0.06,0.06,1.12,45.0,Newcastle,2,0.0,0.94,0.06,0.94,-1.12,0,Players
546,0.07,1.0,FWD,Liam_Delap,Delap,2.0,0.0,24.0,0.0,0.0,1.0,0.0,0.0,0.0,0.0,0.0,0.07,0.33,55.0,Nott'm Forest,2,-0.07,0.0,0.07,-0.07,0.6699999999999999,0,Players
547,0.0,1.0,GKP,Matz_Sels,Sels,2.0,0.0,90.0,0.0,0.0,2.0,0.0,2.0,0.0,0.0,0.01,0.01,1.75,50.0,Nott'm Forest,2,0.0,-0.01,0.01,-0.01,0.25,0,Players
548,0.12,6.0,DEF,Neco_Williams,N.Williams,2.0,0.0,90.0,1.0,0.0,2.0,0.0,0.0,0.0,12.0,0.15,0.27,1.75,50.0,Nott'm Forest,2,-0.12,0.85,0.27,0.73,0.25,1,Players
549,0.0,3.0,DEF,Nikola_Milenković,Milenković,2.0,0.0,90.0,0.0,0.0,2.0,0.0,0.0,0.0,13.0,0.0,0.0,1.75,55.0,Nott'm Forest,2,0.0,0.0,0.0,0.0,0.25,1,Players
550,0.18,1.0,DEF,Murillo_Costa dos Santos,Murillo,2.0,0.0,90.0,0.0,0.0,2.0,0.0,0.0,0.0,6.0,0.0,0.18,1.75,55.0,Nott'm Forest,2,-0.18,0.0,0.18,-0.18,0.25,0,Players
551,0.0,0.0,DEF,Ola_Aina,Aina,2.0,0.0,85.0,0.0,0.0,2.0,1.0,0.0,0.0,5.0,0.35,0.35,1.75,45.0,Nott'm Forest,2,0.0,-0.35,0.35,-0.35,0.25,0,Players
552,0.0,1.0,DEF,Jair_Paula da Cunha Filho,Jair Cunha,2.0,0.0,90.0,0.0,0.0,2.0,0.0,0.0,0.0,8.0,0.0,0.0,1.75,45.0,Nott'm Forest,2,0.0,0.0,0.0,0.0,0.25,0,Players
553,0.0,1.0,DEF,Luca_Netz,Netz,2.0,0.0,4.0,0.0,0.0,0.0,0.0,0.0,0.0,1.0,0.0,0.0,0.0,45.0,Nott'm Forest,2,0.0,0.0,0.0,0.0,0.0,0,Players
554,0.79,13.0,MID,Morgan_Gibbs-White,Gibbs-White,2.0,1.0,90.0,1.0,0.0,2.0,0.0,0.0,3.0,5.0,0.04,0.83,1.75,80.0,Nott'm Forest,2,0.20999999999999996,0.96,0.8300000000000001,1.17,0.25,0,Players
555,0.0,1.0,MID,Callum_Hudson-Odoi,Hudson-Odoi,2.0,0.0,1.0,0.0,0.0,0.0,0.0,0.0,0.0,0.0,0.0,0.0,0.0,60.0,Nott'm Forest,2,0.0,0.0,0.0,0.0,0.0,0,Players
556,0.35,9.0,MID,Dan_Ndoye,Ndoye,2.0,1.0,65.0,0.0,0.0,1.0,0.0,0.0,2.0,9.0,0.63,0.98,1.42,55.0,Nott'm Forest,2,0.65,-0.63,0.98,0.020000000000000018,-0.41999999999999993,0,Players
557,0.0,2.0,MID,James_McAtee,McAtee,2.0,0.0,90.0,0.0,0.0,2.0,0.0,0.0,0.0,8.0,0.16,0.16,1.75,55.0,Nott'm Forest,2,0.0,-0.16,0.16,-0.16,0.25,0,Players
558,0.0,1.0,MID,Nicolás_Domínguez,Dominguez,2.0,0.0,1.0,0.0,0.0,0.0,0.0,0.0,0.0,0.0,0.0,0.0,0.0,50.0,Nott'm Forest,2,0.0,0.0,0.0,0.0,0.0,0,Players
559,0.74,1.0,FWD,Igor Jesus_Maciel da Cruz,0,2.0,0.0,90.0,0.0,0.0,2.0,1.0,0.0,0.0,5.0,0.04,0.78,1.75,60.0,Nott'm Forest,2,-0.74,-0.04,0.78,-0.78,0.25,0,Players
560,0.05,4.0,MID,Xaver_Schlager,Schlager,2.0,0.0,90.0,0.0,0.0,2.0,0.0,0.0,0.0,15.0,0.0,0.05,1.75,50.0,Nott'm Forest,2,-0.05,0.0,0.05,-0.05,0.25,1,Players
561,0.11,1.0,DEF,Jan Paul_van Hecke,0,2.0,0.0,90.0,0.0,0.0,2.0,0.0,0.0,0.0,8.0,0.03,0.14,0.72,50.0,Spurs,2,-0.11,-0.03,0.14,-0.14,1.28,0,Players
562,0.17,2.0,FWD,Omar_Marmoush,Marmoush,2.0,0.0,90.0,0.0,0.0,2.0,0.0,0.0,0.0,4.0,0.07,0.24,0.72,70.0,Spurs,2,-0.17,-0.07,0.24000000000000002,-0.24000000000000002,1.28,0,Players
563,0.05,2.0,MID,Sandro_Tonali,Tonali,2.0,0.0,74.0,0.0,0.0,2.0,0.0,0.0,0.0,4.0,0.02,0.07,0.72,55.0,Spurs,2,-0.05,-0.02,0.07,-0.07,1.28,0,Players
564,0.0,1.0,GKP,Antonín_Kinský,Kinsky,2.0,0.0,90.0,0.0,0.0,2.0,0.0,0.0,0.0,0.0,0.0,0.0,0.72,45.0,Spurs,2,0.0,0.0,0.0,0.0,1.28,0,Players
565,0.33,1.0,DEF,Pedro_Porro,Pedro Porro,2.0,0.0,90.0,0.0,0.0,2.0,0.0,0.0,0.0,4.0,0.1,0.43,0.72,55.0,Spurs,2,-0.33,-0.1,0.43000000000000005,-0.43000000000000005,1.28,0,Players
566,0.06,2.0,DEF,Andrew_Robertson,Robertson,2.0,0.0,67.0,0.0,0.0,1.0,0.0,0.0,0.0,3.0,0.02,0.08,0.48,45.0,Spurs,2,-0.06,-0.02,0.08,-0.08,0.52,0,Players
567,0.0,0.0,DEF,Micky_van de Ven,Van de Ven,2.0,0.0,90.0,0.0,0.0,2.0,1.0,0.0,0.0,8.0,0.02,0.02,0.72,50.0,Spurs,2,0.0,-0.02,0.02,-0.02,1.28,0,Players
568,0.0,1.0,DEF,Destiny_Udogie,Udogie,2.0,0.0,22.0,0.0,0.0,1.0,0.0,0.0,0.0,1.0,0.19,0.19,0.24,45.0,Spurs,2,0.0,-0.19,0.19,-0.19,0.76,0,Players
569,0.04,1.0,MID,Mohammed_Kudus,Kudus,2.0,0.0,22.0,0.0,0.0,1.0,0.0,0.0,0.0,2.0,0.01,0.05,0.24,65.0,Spurs,2,-0.04,-0.01,0.05,-0.05,0.76,0,Players
570,0.14,2.0,MID,Mathys_Tel,Tel,2.0,0.0,67.0,0.0,0.0,1.0,0.0,0.0,0.0,3.0,0.03,0.17,0.48,60.0,Spurs,2,-0.14,-0.03,0.17,-0.17,0.52,0,Players
571,0.0,2.0,MID,Rodrigo_Bentancur,Bentancur,2.0,0.0,90.0,0.0,0.0,2.0,0.0,0.0,0.0,11.0,0.02,0.02,0.72,55.0,Spurs,2,0.0,-0.02,0.02,-0.02,1.28,0,Players
572,0.0,2.0,MID,Archie_Gray,Gray,2.0,0.0,67.0,0.0,0.0,1.0,0.0,0.0,0.0,6.0,0.0,0.0,0.48,50.0,Spurs,2,0.0,0.0,0.0,0.0,0.52,0,Players
573,0.02,1.0,MID,Mikey_Moore,Moore,2.0,0.0,22.0,0.0,0.0,1.0,0.0,0.0,0.0,1.0,0.0,0.02,0.24,50.0,Spurs,2,-0.02,0.0,0.02,-0.02,0.76,0,Players
574,0.01,2.0,MID,Mateus_Fernandes,Fernandes,2.0,0.0,90.0,0.0,0.0,2.0,0.0,0.0,0.0,8.0,0.17,0.18,0.72,60.0,Spurs,2,-0.01,-0.17,0.18000000000000002,-0.18000000000000002,1.28,0,Players
575,0.2,1.0,FWD,Dominic_Solanke-Mitchell,Solanke,2.0,0.0,15.0,0.0,0.0,0.0,0.0,0.0,0.0,0.0,0.0,0.2,0.0,60.0,Spurs,2,-0.2,0.0,0.2,-0.2,0.0,0,Players
576,0.0,6.0,GKP,Robin_Roefs,Roefs,2.0,0.0,90.0,0.0,1.0,0.0,0.0,0.0,0.0,0.0,0.0,0.0,0.95,50.0,Sunderland,2,0.0,0.0,0.0,0.0,-0.95,0,Players
577,0.03,8.0,DEF,Daniel_Ballard,Ballard,2.0,0.0,90.0,0.0,1.0,0.0,0.0,0.0,0.0,10.0,0.0,0.03,0.95,50.0,Sunderland,2,-0.03,0.0,0.03,-0.03,-0.95,1,Players
578,0.0,9.0,DEF,Nordi_Mukiele,Mukiele,2.0,0.0,90.0,0.0,1.0,0.0,0.0,0.0,1.0,19.0,0.01,0.01,0.95,55.0,Sunderland,2,0.0,-0.01,0.01,-0.01,-0.95,1,Players
579,0.0,6.0,DEF,Trai_Hume,Hume,2.0,0.0,90.0,0.0,1.0,0.0,0.0,0.0,0.0,6.0,0.01,0.01,0.95,45.0,Sunderland,2,0.0,-0.01,0.01,-0.01,-0.95,0,Players
580,0.0,6.0,DEF,Reinildo_Mandava,Reinildo,2.0,0.0,90.0,0.0,1.0,0.0,0.0,0.0,0.0,7.0,0.01,0.01,0.95,45.0,Sunderland,2,0.0,-0.01,0.01,-0.01,-0.95,0,Players
581,0.02,6.0,DEF,Thomas_Meunier,Meunier,2.0,0.0,90.0,0.0,1.0,0.0,0.0,0.0,0.0,8.0,0.05,0.07,0.95,45.0,Sunderland,2,-0.02,-0.05,0.07,-0.07,-0.95,0,Players
582,0.37,3.0,MID,Enzo_Le Fée,E.Le Fée,2.0,0.0,89.0,0.0,1.0,0.0,0.0,0.0,0.0,6.0,0.17,0.54,0.86,60.0,Sunderland,2,-0.37,-0.17,0.54,-0.54,-0.86,0,Players
583,0.0,4.0,MID,Habib_Diarra,Diarra,2.0,0.0,18.0,1.0,0.0,0.0,0.0,0.0,0.0,0.0,0.16,0.16,0.02,55.0,Sunderland,2,0.0,0.84,0.16,0.84,-0.02,0,Players
584,0.0,6.0,MID,Granit_Xhaka,Xhaka,2.0,0.0,90.0,0.0,1.0,0.0,0.0,0.0,3.0,7.0,0.36,0.36,0.95,55.0,Sunderland,2,0.0,-0.36,0.36,-0.36,-0.95,0,Players
585,0.02,3.0,MID,Noah_Sadiki,Sadiki,2.0,0.0,90.0,0.0,1.0,0.0,0.0,0.0,0.0,11.0,0.02,0.04,0.95,50.0,Sunderland,2,-0.02,-0.02,0.04,-0.04,-0.95,0,Players
586,0.17,1.0,MID,Romaine_Mundle,Mundle,2.0,0.0,1.0,0.0,0.0,0.0,0.0,0.0,0.0,1.0,0.0,0.17,0.09,50.0,Sunderland,2,-0.17,0.0,0.17,-0.17,-0.09,0,Players
587,0.0,1.0,MID,Chris_Rigg,Rigg,2.0,0.0,7.0,0.0,0.0,0.0,0.0,0.0,0.0,0.0,0.0,0.0,0.34,50.0,Sunderland,2,0.0,0.0,0.0,0.0,-0.34,0,Players
588,0.0,3.0,MID,Nilson_Angulo,Angulo,2.0,0.0,64.0,0.0,1.0,0.0,0.0,0.0,0.0,5.0,0.04,0.04,0.58,50.0,Sunderland,2,0.0,-0.04,0.04,-0.04,-0.58,0,Players
589,0.03,2.0,FWD,Brian_Brobbey,Brobbey,2.0,0.0,63.0,0.0,1.0,0.0,0.0,0.0,0.0,4.0,0.0,0.03,0.58,60.0,Sunderland,2,-0.03,0.0,0.03,-0.03,-0.58,0,Players
590,1.39,8.0,FWD,Wilson_Isidor,Isidor,2.0,1.0,26.0,0.0,0.0,0.0,0.0,0.0,3.0,0.0,0.0,1.39,0.37,55.0,Sunderland,2,-0.3899999999999999,0.0,1.39,-0.3899999999999999,-0.37,0,Players
591,1.88,80.0,0,Arsenal,Arsenal,16.0,3.0,985.0,3.0,1.0,0.0,1.0,1.0,6.0,65.0,0.9299999999999999,2.81,0.2,1035.0,Arsenal,1,1.12,2.0700000000000003,2.81,3.19,-0.2,0,Teams
592,0.30000000000000004,10.0,0,Aston Villa,Aston Villa,16.0,0.0,934.0,0.0,0.0,4.0,2.0,3.0,0.0,64.0,0.13,0.43,3.77,790.0,Aston Villa,1,-0.30000000000000004,-0.13,0.43,-0.43,0.22999999999999998,0,Teams
593,0.65,35.0,0,Bournemouth,Bournemouth,15.0,1.0,987.0,1.0,1.0,2.0,2.0,4.0,3.0,82.0,0.32999999999999996,0.98,2.25,805.0,Bournemouth,1,0.3499999999999999,0.67,0.98,1.02,-0.25,1,Teams
594,2.19,46.0,0,Bournemouth,Bournemouth,30.0,1.0,986.0,1.0,1.0,1.0,3.0,5.0,5.0,84.0,1.47,3.66,1.84,815.0,Bournemouth,2,-1.19,-0.4700000000000001,3.66,-1.6600000000000001,-0.8400000000000001,3,Teams
595,3.91,84.0,0,Brentford,Brentford,16.0,3.0,985.0,3.0,1.0,0.0,1.0,4.0,6.0,96.0,1.91,5.82,0.57,880.0,Brentford,1,-0.91,1.0899999999999999,5.82,0.17999999999999994,-0.57,3,Teams
596,1.67,43.0,0,Brentford,Brentford,32.0,1.0,985.0,1.0,1.0,1.0,4.0,1.0,4.0,101.0,0.86,2.5300000000000002,1.46,872.0,Brentford,2,-0.67,0.13999999999999996,2.5300000000000002,-0.5300000000000002,-0.45999999999999996,3,Teams
597,3.77,84.0,0,Brighton,Brighton,16.0,3.0,985.0,3.0,1.0,0.0,2.0,0.0,6.0,57.0,1.7,5.47,0.29,800.0,Brighton,1,-0.7699999999999999,1.3,5.47,0.5300000000000001,-0.29,0,Teams
598,1.46,31.0,0,Brighton,Brighton,28.0,2.0,987.0,3.0,0.0,4.0,3.0,1.0,4.0,48.0,0.75,2.21,2.93,686.0,Brighton,2,0.54,2.25,2.21,2.79,1.0699999999999998,0,Teams
599,2.23,51.0,0,Chelsea,Chelsea,16.0,3.0,985.0,3.0,0.0,2.0,3.0,4.0,6.0,81.0,0.8500000000000001,3.08,1.33,955.0,Chelsea,1,0.77,2.15,3.08,2.92,0.6699999999999999,2,Teams
600,3.04,49.0,0,Chelsea,Chelsea,32.0,4.0,985.0,3.0,0.0,3.0,1.0,4.0,2.0,72.0,1.62,4.66,1.41,926.0,Chelsea,2,0.96,1.38,4.66,2.34,1.59,0,Teams
601,0.21,22.0,0,Coventry City,Coventry City,15.0,0.0,986.0,0.0,0.0,3.0,1.0,2.0,0.0,76.0,0.24,0.45,1.88,725.0,Coventry City,1,-0.21,-0.24,0.45,-0.45,1.12,1,Teams
602,1.3,32.0,0,Coventry City,Coventry City,32.0,0.0,985.0,0.0,1.0,1.0,1.0,1.0,2.0,64.0,0.8200000000000001,2.12,0.72,775.0,Coventry City,2,-1.3,-0.8200000000000001,2.12,-2.12,0.28,0,Teams
603,1.97,25.0,0,Crystal Palace,Crystal Palace,16.0,0.0,987.0,0.0,0.0,2.0,1.0,3.0,0.0,97.0,1.39,3.36,1.12,840.0,Crystal Palace,1,-1.97,-1.39,3.36,-3.36,0.8799999999999999,3,Teams
604,0.68,22.0,0,Crystal Palace,Crystal Palace,32.0,0.0,985.0,1.0,0.0,4.0,1.0,4.0,0.0,82.0,0.33,1.01,2.21,815.0,Crystal Palace,2,-0.68,0.6699999999999999,1.01,-0.009999999999999992,1.79,1,Teams
605,1.12,74.0,0,Everton,Everton,15.0,2.0,988.0,2.0,1.0,0.0,0.0,4.0,6.0,89.0,0.8800000000000001,2.0,1.96,830.0,Everton,1,0.88,1.1199999999999999,2.0,1.9999999999999998,-1.96,2,Teams
606,1.87,42.0,0,Everton,Everton,32.0,1.0,986.0,0.0,0.0,1.0,2.0,4.0,2.0,96.0,0.34,2.21,2.16,880.0,Everton,2,-0.87,-0.34,2.21,-1.21,-1.1600000000000001,4,Teams
607,1.38,37.0,0,Fulham,Fulham,15.0,2.0,986.0,2.0,0.0,3.0,2.0,3.0,0.0,69.0,0.67,2.05,2.24,760.0,Fulham,1,0.62,1.33,2.05,1.95,0.7599999999999998,1,Teams
608,0.9400000000000001,30.0,0,Fulham,Fulham,30.0,0.0,986.0,0.0,1.0,1.0,2.0,3.0,0.0,52.0,0.93,1.87,2.02,765.0,Fulham,2,-0.9400000000000001,-0.93,1.87,-1.87,-1.02,0,Teams
609,1.08,82.0,0,Hull City,Hull City,16.0,2.0,985.0,2.0,1.0,0.0,2.0,5.0,6.0,94.0,0.59,1.67,1.83,700.0,Hull City,1,0.9199999999999999,1.4100000000000001,1.6700000000000002,2.33,-1.83,2,Teams
610,0.72,52.0,0,Hull City,Hull City,32.0,1.0,987.0,1.0,1.0,0.0,4.0,3.0,4.0,80.0,0.13,0.85,1.29,725.0,Hull City,2,0.28,0.8699999999999999,0.85,1.15,-1.29,1,Teams
611,1.79,50.0,0,Ipswich Town,Ipswich Town,16.0,2.0,985.0,2.0,0.0,1.0,0.0,2.0,4.0,92.0,1.01,2.8,0.66,760.0,Ipswich Town,1,0.21000000000000005,0.99,2.8,1.2000000000000002,0.33999999999999997,2,Teams
612,1.99,33.0,0,Ipswich Town,Ipswich Town,32.0,2.0,986.0,2.0,0.0,5.0,3.0,6.0,0.0,72.0,0.74,2.73,4.56,750.0,Ipswich Town,2,0.010000000000000009,1.26,2.73,1.27,0.4400000000000004,2,Teams
613,0.47,74.0,0,Leeds,Leeds,13.0,1.0,988.0,0.0,1.0,0.0,1.0,3.0,9.0,86.0,0.35000000000000003,0.82,0.66,690.0,Leeds,1,0.53,-0.35000000000000003,0.8200000000000001,0.1799999999999999,-0.66,4,Teams
614,1.46,38.0,0,Leeds,Leeds,32.0,1.0,987.0,1.0,0.0,1.0,0.0,4.0,2.0,104.0,0.23,1.69,1.67,840.0,Leeds,2,-0.4600000000000001,0.77,1.6900000000000002,0.30999999999999994,-0.6699999999999999,2,Teams
615,3.01,43.0,0,Liverpool,Liverpool,15.0,2.0,986.0,2.0,0.0,2.0,3.0,3.0,4.0,70.0,0.76,3.77,1.58,930.0,Liverpool,1,-1.0100000000000002,1.24,3.77,0.22999999999999982,0.41999999999999993,2,Teams
616,1.74,39.0,0,Liverpool,Liverpool,32.0,2.0,985.0,2.0,0.0,2.0,4.0,1.0,2.0,83.0,1.77,3.5100000000000002,2.3,980.0,Liverpool,2,0.2599999999999999,0.22999999999999998,3.5100000000000002,0.4899999999999999,-0.2999999999999998,2,Teams
617,2.24,47.0,0,Man City,Man City,15.0,2.0,986.0,2.0,0.0,1.0,1.0,3.0,4.0,49.0,2.2,4.4399999999999995,0.65,1020.0,Man City,1,-0.23999999999999988,-0.19999999999999993,4.4399999999999995,-0.43999999999999995,0.35,0,Teams
618,2.2199999999999998,62.0,0,Man City,Man City,32.0,4.0,985.0,4.0,0.0,1.0,2.0,1.0,7.0,54.0,2.61,4.83,0.66,1034.0,Man City,2,1.7799999999999998,1.39,4.83,3.17,0.33999999999999997,1,Teams
619,1.82,20.0,0,Man Utd,Man Utd,16.0,0.0,986.0,0.0,0.0,2.0,1.0,2.0,0.0,49.0,1.9300000000000002,3.75,1.01,980.0,Man Utd,1,-1.82,-1.9300000000000002,3.75,-3.75,0.99,0,Teams
620,5.02,69.0,0,Man Utd,Man Utd,32.0,4.0,985.0,5.0,0.0,2.0,1.0,3.0,6.0,75.0,1.08,6.1000000000000005,2.01,985.0,Man Utd,2,-1.02,3.9200000000000004,6.1,2.9000000000000004,-0.009999999999999787,2,Teams
621,1.58,42.0,0,Newcastle,Newcastle,16.0,2.0,987.0,2.0,0.0,2.0,5.0,5.0,2.0,96.0,0.74,2.3200000000000003,2.98,850.0,Newcastle,1,0.42000000000000004,1.26,2.3200000000000003,1.68,-0.98,4,Teams
622,0.72,75.0,0,Newcastle,Newcastle,32.0,2.0,987.0,2.0,1.0,0.0,2.0,4.0,7.0,64.0,1.0999999999999999,1.82,1.12,865.0,Newcastle,2,1.2800000000000002,0.8999999999999999,1.82,2.1799999999999997,-1.12,1,Teams
623,0.65,32.0,0,Nott'm Forest,Nott'm Forest,15.0,0.0,988.0,0.0,1.0,1.0,2.0,2.0,0.0,62.0,0.75,1.4000000000000001,0.47,810.0,Nott'm Forest,1,-0.65,-0.75,1.4000000000000001,-1.4000000000000001,0.53,1,Teams
624,2.3,45.0,0,Nott'm Forest,Nott'm Forest,30.0,2.0,990.0,2.0,0.0,2.0,2.0,2.0,5.0,87.0,1.3800000000000001,3.68,1.75,810.0,Nott'm Forest,2,-0.3,0.62,3.68,0.32,0.25,3,Teams
625,0.5700000000000001,25.0,0,Spurs,Spurs,16.0,0.0,987.0,0.0,0.0,3.0,1.0,5.0,0.0,76.0,0.43,1.0,3.87,870.0,Spurs,1,-0.5700000000000001,-0.43,1.0,-1.0,-0.8700000000000001,2,Teams
626,1.1300000000000001,21.0,0,Spurs,Spurs,30.0,0.0,986.0,0.0,0.0,2.0,1.0,0.0,0.0,63.0,0.68,1.81,0.72,815.0,Spurs,2,-1.1300000000000001,-0.68,1.81,-1.81,1.28,0,Teams
627,0.6699999999999999,31.0,0,Sunderland,Sunderland,16.0,1.0,985.0,1.0,0.0,2.0,3.0,1.0,2.0,57.0,0.83,1.5,1.8,815.0,Sunderland,1,0.33,0.16999999999999996,1.5,0.5,0.19999999999999996,1,Teams
628,2.03,72.0,0,Sunderland,Sunderland,30.0,1.0,988.0,1.0,1.0,0.0,0.0,0.0,7.0,84.0,0.8300000000000001,2.86,0.95,775.0,Sunderland,2,-1.0299999999999998,0.16999999999999998,2.86,-0.86,-0.95,2,Teams
