,player_team,player_name,pos_latest,appearances_last5,n_dates,appear_pct_last5
0,Arsenal,Ben White,DR,4,5,80.0
1,Arsenal,Bukayo Saka,RW,4,5,80.0
2,Arsenal,Christos Tzolis,LW,4,5,80.0
3,Arsenal,David Raya,GK,4,5,80.0
4,Arsenal,Declan Rice,DM,4,5,80.0
5,Arsenal,Ezri Konsa Ngoyo,CB,2,5,40.0
6,Arsenal,Gabriel,CB,4,5,80.0
7,Arsenal,Kai Havertz,FW,4,5,80.0
8,Arsenal,Martin Odegaard,AMC,4,5,80.0
9,Arsenal,Myles Lewis-Skelly,DM,5,5,100.0
10,Arsenal,Riccardo Calafiori,DL,5,5,100.0
11,Aston Villa,Aaron Wan-Bissaka,DR,1,5,20.0
12,Aston Villa,Boubacar Kamara,DM,4,5,80.0
13,Aston Villa,Emiliano Buendía,AMC,5,5,100.0
14,Aston Villa,George Hemmings,LW,4,5,80.0
15,Aston Villa,Ian Maatsen,DL,5,5,100.0
16,Aston Villa,John McGinn,RW,4,5,80.0
17,Aston Villa,Nicolas Jackson,FW,3,5,60.0
18,Aston Villa,Pau Torres,CB,3,5,60.0
19,Aston Villa,Ross Barkley,DM,5,5,100.0
20,Aston Villa,Victor Lindelöf,CB,5,5,100.0
21,Aston Villa,Zion Suzuki,GK,3,5,60.0
22,Bournemouth,Adam Smith,DR,5,5,100.0
23,Bournemouth,Adrien Truffert,DL,5,5,100.0
24,Bournemouth,Alex Scott,DM,4,5,80.0
25,Bournemouth,António Silva,CB,4,5,80.0
26,Bournemouth,Djordje Petrovic,GK,5,5,100.0
27,Bournemouth,Evanilson,FW,5,5,100.0
28,Bournemouth,James Hill,CB,5,5,100.0
29,Bournemouth,Justin Kluivert,AMC,4,5,80.0
30,Bournemouth,Marcus Tavernier,LW,5,5,100.0
31,Bournemouth,Rayan,RW,5,5,100.0
32,Bournemouth,Tyler Adams,DM,3,5,60.0
33,Brentford,Aaron Hickey,DR,1,5,20.0
34,Brentford,Caoimhin Kelleher,GK,5,5,100.0
35,Brentford,Jaidon Anthony,RW,2,5,40.0
36,Brentford,Jannik Schuster,CB,1,5,20.0
37,Brentford,Keane Lewis-Potter,DL,5,5,100.0
38,Brentford,Kevin Schade,LW,5,5,100.0
39,Brentford,Kristoffer Ajer,CB,4,5,80.0
40,Brentford,Mamadou Sangaré,DM,4,5,80.0
41,Brentford,Thiago,FW,5,5,100.0
42,Brentford,Vitaly Janelt,DM,5,5,100.0
43,Brentford,Yehor Yarmolyuk,AMC,1,5,20.0
44,Brighton,Bart Verbruggen,GK,5,5,100.0
45,Brighton,Charalampos Kostoulas,FW,3,5,60.0
46,Brighton,Diego Gómez,RW,5,5,100.0
47,Brighton,Ferdi Kadioglu,DR,4,5,80.0
48,Brighton,Lewis Dunk,CB,5,5,100.0
49,Brighton,Luka Vuskovic,CB,4,5,80.0
50,Brighton,Malick Yalcouyé,AMC,3,5,60.0
51,Brighton,Maxim De Cuyper,LW,5,5,100.0
52,Brighton,Olivier Boscagli,DL,4,5,80.0
53,Brighton,Pascal Groß,DM,5,5,100.0
54,Brighton,Yasin Ayari,DM,3,5,60.0
55,Burnley,Axel Tuanzebe,CB,3,5,60.0
56,Burnley,Bashir Humphreys,CB,3,5,60.0
57,Burnley,Chimuanya Ugochukwu,DM,3,5,60.0
58,Burnley,Florentino Luís,DM,3,5,60.0
59,Burnley,Hannibal Mejbri,AMC,3,5,60.0
60,Burnley,Jaidon Anthony,LW,5,5,100.0
61,Burnley,Kyle Walker,DR,5,5,100.0
62,Burnley,Loum Tchaouna,RW,5,5,100.0
63,Burnley,Lucas Pires,DL,3,5,60.0
64,Burnley,Max Weiss,GK,3,5,60.0
65,Burnley,Zian Flemming,FW,5,5,100.0
66,Chelsea,Cole Palmer,AMC,5,5,100.0
67,Chelsea,Emiliano Martinez,GK,3,5,60.0
68,Chelsea,Jorrel Hato,DL,5,5,100.0
69,Chelsea,João Pedro,FW,5,5,100.0
70,Chelsea,Levi Colwill,CB,4,5,80.0
71,Chelsea,Malo Gusto,DR,4,5,80.0
72,Chelsea,Morgan Rogers,LW,4,5,80.0
73,Chelsea,Pedro Neto,RW,4,5,80.0
74,Chelsea,Reece James,DM,3,5,60.0
75,Chelsea,Romeo Lavia,DM,4,5,80.0
76,Chelsea,Wesley Fofana,CB,4,5,80.0
77,Coventry City,Aurèle Amenda,CB,4,4,100.0
78,Coventry City,Bobby Thomas,CB,4,4,100.0
79,Coventry City,Carl Rushworth,GK,4,4,100.0
80,Coventry City,Ephron Mason-Clark,AMC,3,4,75.0
81,Coventry City,Ethan Pinnock,CB,2,4,50.0
82,Coventry City,Frank Onyeka,MC,3,4,75.0
83,Coventry City,Jack Rudoni,AMC,3,4,75.0
84,Coventry City,Jay Dasilva,DL,4,4,100.0
85,Coventry City,Matt Grimes,MC,4,4,100.0
86,Coventry City,Milan van Ewijk,DR,4,4,100.0
87,Coventry City,Taiwo Awoniyi,FW,3,4,75.0
88,Crystal Palace,Adam Wharton,MC,4,5,80.0
89,Crystal Palace,Anan Khalaili,DR,3,5,60.0
90,Crystal Palace,Axel Disasi,CB,2,5,40.0
91,Crystal Palace,Chris Richards,CB,4,5,80.0
92,Crystal Palace,Daichi Kamada,AMC,5,5,100.0
93,Crystal Palace,Honest Ahanor,CB,1,5,20.0
94,Crystal Palace,Jørgen Strand Larsen,FW,3,5,60.0
95,Crystal Palace,Quinten Timber,MC,2,5,40.0
96,Crystal Palace,Tyrick Mitchell,DL,4,5,80.0
97,Crystal Palace,Walter Benítez,GK,1,5,20.0
98,Crystal Palace,Yeremi Pino,AMC,3,5,60.0
99,Everton,Ainsley Maitland-Niles,DR,1,5,20.0
100,Everton,Brennan Johnson,RW,2,5,40.0
101,Everton,Harrison Armstrong,MC,4,5,80.0
102,Everton,James Garner,DM,4,5,80.0
103,Everton,James Tarkowski,CB,5,5,100.0
104,Everton,Jarrad Branthwaite,CB,4,5,80.0
105,Everton,Jordan Pickford,GK,5,5,100.0
106,Everton,Kiernan Dewsbury-Hall,MC,5,5,100.0
107,Everton,Thierno Barry,FW,5,5,100.0
108,Everton,Tyrique George,LW,4,5,80.0
109,Everton,Vitalii Mykolenko,DL,5,5,100.0
110,Fulham,Alex Iwobi,LW,5,5,100.0
111,Fulham,Antonee Robinson,DL,5,5,100.0
112,Fulham,Bernd Leno,GK,5,5,100.0
113,Fulham,Calvin Bassey,CB,5,5,100.0
114,Fulham,David Affengruber,CB,1,5,20.0
115,Fulham,Gonzalo García,FW,4,5,80.0
116,Fulham,Joshua King,AMC,4,5,80.0
117,Fulham,Oscar Bobb,RW,5,5,100.0
118,Fulham,Sander Berge,DM,4,5,80.0
119,Fulham,Shea Charles,DM,2,5,40.0
120,Fulham,Timothy Castagne,DR,5,5,100.0
121,Hull City,Elliot Stroud,LW,4,4,100.0
122,Hull City,John Egan,CB,4,4,100.0
123,Hull City,Konstantinos Tzolakis,GK,4,4,100.0
124,Hull City,Lewie Coyle,DR,4,4,100.0
125,Hull City,Matt Crooks,MC,2,4,50.0
126,Hull City,Mohamed Belloumi,RW,4,4,100.0
127,Hull City,Nobel Mendy,CB,4,4,100.0
128,Hull City,Oliver McBurnie,FW,4,4,100.0
129,Hull City,Regan Slater,MC,4,4,100.0
130,Hull City,Ryan John Giles,DL,4,4,100.0
131,Hull City,Semi Ajayi,CB,4,4,100.0
132,Ipswich Town,Abdul Fatawu,RW,4,5,80.0
133,Ipswich Town,Dara O&#039;Shea,DR,5,5,100.0
134,Ipswich Town,Emersonn,FW,4,5,80.0
135,Ipswich Town,Exequiel Palacios,DM,2,5,40.0
136,Ipswich Town,Issa Diop,CB,4,5,80.0
137,Ipswich Town,Jack Clarke,LW,1,5,20.0
138,Ipswich Town,Jacob Greaves,CB,5,5,100.0
139,Ipswich Town,Julio Enciso,AMC,4,5,80.0
140,Ipswich Town,Kjell Scherpen,GK,4,5,80.0
141,Ipswich Town,Leif Davis,DL,5,5,100.0
142,Ipswich Town,Sasa Lukic,DM,4,5,80.0
143,Leeds,Anton Stach,MC,4,5,80.0
144,Leeds,Ao Tanaka,MC,3,5,60.0
145,Leeds,Dominic Calvert-Lewin,FW,5,5,100.0
146,Leeds,Ethan Ampadu,MC,5,5,100.0
147,Leeds,Gabriel Gudmundsson,DL,2,5,40.0
148,Leeds,James Justin,CB,5,5,100.0
149,Leeds,James Trafford,GK,4,5,80.0
150,Leeds,Jayden Bogle,DR,5,5,100.0
151,Leeds,Nico Elvedi,CB,2,5,40.0
152,Leeds,Noah Okafor,FW,3,5,60.0
153,Leeds,Tarik Muharemovic,CB,4,5,80.0
154,Leicester,Boubakary Soumare,DM,3,5,60.0
155,Leicester,Conor Coady,CB,5,5,100.0
156,Leicester,Jakub Stolarczyk,GK,4,5,80.0
157,Leicester,James Justin,DR,4,5,80.0
158,Leicester,Jordan Ayew,AMC,4,5,80.0
159,Leicester,Kasey McAteer,RW,4,5,80.0
160,Leicester,Luke Thomas,DL,5,5,100.0
161,Leicester,Oliver Skipp,DM,3,5,60.0
162,Leicester,Patson Daka,FW,1,5,20.0
163,Leicester,Victor Kristiansen,LW,1,5,20.0
164,Leicester,Wout Faes,CB,5,5,100.0
165,Liverpool,Alexander Isak,FW,4,5,80.0
166,Liverpool,Alisson,GK,5,5,100.0
167,Liverpool,Bradley Barcola,LW,1,5,20.0
168,Liverpool,Dominik Szoboszlai,DM,5,5,100.0
169,Liverpool,Florian Wirtz,AMC,4,5,80.0
170,Liverpool,Jérémy Jacquet,CB,4,5,80.0
171,Liverpool,Konstantinos Tsimikas,DL,1,5,20.0
172,Liverpool,Ronald Araújo,DR,2,5,40.0
173,Liverpool,Ryan Gravenberch,DM,3,5,60.0
174,Liverpool,Virgil van Dijk,CB,5,5,100.0
175,Liverpool,Víctor Muñoz,RW,3,5,60.0
176,Luton,Albert Sambi Lokonga,MC,5,5,100.0
177,Luton,Alfie Doughty,DL,5,5,100.0
178,Luton,Carlton Morris,RW,5,5,100.0
179,Luton,Chiedozie Ogbene,DR,1,5,20.0
180,Luton,Daiki Hashioka,CB,2,5,40.0
181,Luton,Elijah Adebayo,FW,3,5,60.0
182,Luton,Gabriel Osho,CB,5,5,100.0
183,Luton,Jordan Clark,MC,3,5,60.0
184,Luton,Tahith Chong,LW,5,5,100.0
185,Luton,Teden Mengi,CB,5,5,100.0
186,Luton,Thomas Kaminski,GK,5,5,100.0
187,Man City,Antoine Semenyo,LW,5,5,100.0
188,Man City,Elliot Anderson,DM,4,5,80.0
189,Man City,Enzo Fernández,DM,2,5,40.0
190,Man City,Erling Haaland,FW,4,5,80.0
191,Man City,Gianluigi Donnarumma,GK,4,5,80.0
192,Man City,Josko Gvardiol,DL,4,5,80.0
193,Man City,Marc Guehi,CB,4,5,80.0
194,Man City,Matheus Nunes,DR,1,5,20.0
195,Man City,Mathis Cherki,AMC,3,5,60.0
196,Man City,Phil Foden,RW,4,5,80.0
197,Man City,Rúben Dias,CB,5,5,100.0
198,Man Utd,Bruno Fernandes,AMC,5,5,100.0
199,Man Utd,Bryan Mbeumo,RW,5,5,100.0
200,Man Utd,Diogo Dalot,DR,3,5,60.0
201,Man Utd,Harry Maguire,CB,5,5,100.0
202,Man Utd,Kobbie Mainoo,DM,4,5,80.0
203,Man Utd,Lisandro Martínez,CB,4,5,80.0
204,Man Utd,Marcus Rashford,LW,3,5,60.0
205,Man Utd,Matheus Cunha,FW,4,5,80.0
206,Man Utd,Patrick Dorgu,DL,3,5,60.0
207,Man Utd,Senne Lammens,GK,5,5,100.0
208,Man Utd,Youri Tielemans,DM,4,5,80.0
209,Newcastle,Amar Dedic,DR,4,5,80.0
210,Newcastle,Harvey Barnes,LW,4,5,80.0
211,Newcastle,Jacob Murphy,RW,2,5,40.0
212,Newcastle,Lewis Hall,DL,5,5,100.0
213,Newcastle,Lewis Miley,DM,4,5,80.0
214,Newcastle,Lukás Hornícek,GK,4,5,80.0
215,Newcastle,Malick Thiaw,CB,5,5,100.0
216,Newcastle,Matias Fernandez-Pardo,AMC,1,5,20.0
217,Newcastle,Nico González,DM,3,5,60.0
218,Newcastle,Sven Botman,CB,5,5,100.0
219,Newcastle,Yoane Wissa,FW,4,5,80.0
220,Nott'm Forest,Dan Ndoye,AMC,4,5,80.0
221,Nott'm Forest,Daniel Muñoz,DR,1,5,20.0
222,Nott'm Forest,James McAtee,MC,4,5,80.0
223,Nott'm Forest,Liam Delap,FW,2,5,40.0
224,Nott'm Forest,Matz Sels,GK,5,5,100.0
225,Nott'm Forest,Morgan Gibbs-White,AMC,5,5,100.0
226,Nott'm Forest,Murillo,CB,4,5,80.0
227,Nott'm Forest,Neco Williams,DL,5,5,100.0
228,Nott'm Forest,Ola Aina,CB,4,5,80.0
229,Nott'm Forest,Ousmane Diomande,CB,1,5,20.0
230,Nott'm Forest,Xaver Schlager,MC,3,5,60.0
231,Sheffield Utd,Anel Ahmedhodzic,CB,4,5,80.0
232,Sheffield Utd,Auston Trusty,CB,5,5,100.0
233,Sheffield Utd,Ben Brereton Díaz,FW,5,5,100.0
234,Sheffield Utd,Ben Osborn,MC,4,5,80.0
235,Sheffield Utd,Cameron Archer,FW,5,5,100.0
236,Sheffield Utd,Gustavo Hamer,MC,5,5,100.0
237,Sheffield Utd,Jack Robinson,CB,3,5,60.0
238,Sheffield Utd,Jayden Bogle,DR,5,5,100.0
239,Sheffield Utd,Max Lowe,DL,1,5,20.0
240,Sheffield Utd,Oliver Arblaster,MC,5,5,100.0
241,Sheffield Utd,Wes Foderingham,GK,5,5,100.0
242,Southampton,Aaron Ramsdale,GK,5,5,100.0
243,Southampton,Charlie Taylor,CB,1,5,20.0
244,Southampton,Chimuanya Ugochukwu,MC,4,5,80.0
245,Southampton,Flynn Downes,CB,5,5,100.0
246,Southampton,Jay Robinson,RW,1,5,20.0
247,Southampton,Kamaldeen Sulemana,LW,5,5,100.0
248,Southampton,Mateus Fernandes,MC,5,5,100.0
249,Southampton,Nathan Wood,CB,2,5,40.0
250,Southampton,Ross Stewart,FW,3,5,60.0
251,Southampton,Welington,DL,3,5,60.0
252,Southampton,Yukinari Sugawara,DR,1,5,20.0
253,Spurs,Andrew Robertson,DL,3,5,60.0
254,Spurs,Antonín Kinsky,GK,5,5,100.0
255,Spurs,Archie Gray,DR,3,5,60.0
256,Spurs,Dominic Solanke,FW,1,5,20.0
257,Spurs,Jan Paul van Hecke,CB,4,5,80.0
258,Spurs,Mateus Fernandes,AMC,2,5,40.0
259,Spurs,Micky van de Ven,CB,4,5,80.0
260,Spurs,Omar Marmoush,LW,3,5,60.0
261,Spurs,Rodrigo Bentancur,DM,4,5,80.0
262,Spurs,Sandro Tonali,DM,4,5,80.0
263,Spurs,Sávio,RW,2,5,40.0
264,Sunderland,Brian Brobbey,FW,5,5,100.0
265,Sunderland,Dan Ballard,CB,4,5,80.0
266,Sunderland,Enzo Le Fée,AMC,5,5,100.0
267,Sunderland,Granit Xhaka,DM,5,5,100.0
268,Sunderland,Kevin Danso,CB,2,5,40.0
269,Sunderland,Nilson Angulo,LW,5,5,100.0
270,Sunderland,Noah Sadiki,DM,5,5,100.0
271,Sunderland,Nordi Mukiele,DR,4,5,80.0
272,Sunderland,Reinildo,DL,5,5,100.0
273,Sunderland,Robin Roefs,GK,5,5,100.0
274,Sunderland,Thomas Meunier,RW,4,5,80.0
275,West Ham,Axel Disasi,CB,5,5,100.0
276,West Ham,Crysencio Summerville,LW,5,5,100.0
277,West Ham,El Hadji Malick Diouf,DL,5,5,100.0
278,West Ham,Jarrod Bowen,RW,5,5,100.0
279,West Ham,Konstantinos Mavropanos,CB,5,5,100.0
280,West Ham,Kyle Walker-Peters,DR,3,5,60.0
281,West Ham,Mads Hermansen,GK,5,5,100.0
282,West Ham,Mateus Fernandes,DM,5,5,100.0
283,West Ham,Pablo,AMC,3,5,60.0
284,West Ham,Tomas Soucek,DM,5,5,100.0
285,West Ham,Valentín Castellanos,FW,4,5,80.0
286,Wolves,Adam Armstrong,FW,5,5,100.0
287,Wolves,André,MC,5,5,100.0
288,Wolves,Angel Gomes,MC,1,5,20.0
289,Wolves,David Møller Wolfe,DL,2,5,40.0
290,Wolves,Hee-Chan Hwang,AMC,3,5,60.0
291,Wolves,José Sá,GK,3,5,60.0
292,Wolves,Ladislav Krejcí,CB,2,5,40.0
293,Wolves,Mateus Mané,AMC,5,5,100.0
294,Wolves,Rodrigo Gomes,DR,3,5,60.0
295,Wolves,Santiago Bueno,CB,5,5,100.0
296,Wolves,Yerson Mosquera,CB,4,5,80.0
