,fixture_code,GW,pred,team_name,team_code,XG,XGC,CS,Opposition_XG,Opposition_XGC,Opponent_team,Home,Draw_percent,Loss_percent,Win_Percent,own_XG_avg,own_XGC_avg,own_H_Att_E,own_H_def_E,opponent_XG_avg,opponent_XGC_avg,opponent_H_Att_E,opponent_H_def_E
0,2645225,4,1,Bournemouth,91,1.5958669405693635,1.1817778978367584,0.2670232792534277,1.242871838346555,1.4308380174267896,Brentford,H,28.713375,31.581125,39.7055,1.440669420007322,1.3900783460793136,-0.0060847977017791655,-0.1663909932988068,1.4483368410800832,1.410960901297844,0.15177330177665005,-0.048943682096773244
1,2645226,4,1,Aston Villa,7,1.373420276146884,1.1829652740980838,0.2921067524990972,1.23088965657749,1.454338846236279,Nott'm Forest,H,29.762875,36.562,33.675125,1.1643035223079714,1.367056812528367,0.10309030051652457,-0.12495543639960105,1.2141382254052788,1.336594329058563,-0.08931995082577926,-0.13432769896669505
2,2645227,4,1,Chelsea,8,2.0991725086655446,1.067944132043344,0.3521164796997582,1.0514109121351156,1.578082293559504,Hull City,H,23.149375,17.137,59.713625,1.644967679734981,1.4165960305668688,0.07376326760612206,-0.039008436031167215,0.9072505824170096,1.7857101994193874,0.006348648869507478,-0.04019613059664595
3,2645228,4,1,Coventry City,9,1.0871170976565268,1.5404180092866162,0.1836159862373194,1.414110051990807,1.3290655218609997,Brighton,H,25.387625,55.15225,19.460125,0.9178381204447604,1.6669347185034369,0.01065501357343801,-0.05342200640449479,1.4910634239045115,1.2738968908985506,0.01627149760587776,-0.08742415124784475
4,2645229,4,1,Crystal Palace,31,1.8668495263744636,1.0410463153114773,0.3256147731356281,1.0788844656756544,1.929092511848354,Ipswich Town,H,24.614625,23.323375,52.062,1.2498430903909965,1.4992133705941888,-0.0017037911421935448,-0.0427355690478779,0.9971311753394356,1.7830146340150823,-0.12380829848677893,-0.1711398697738682
5,2645230,4,1,Leeds,2,1.463929014772037,1.3072378195832195,0.2407010859065089,1.2317635222613434,1.3011305120231862,Newcastle,H,29.902625,36.15112499999999,33.946250000000006,1.2850134075306512,1.428467506859067,0.042619780619760794,-0.05991991555301979,1.44962204962587,1.4380446488543144,0.18224219511179007,0.08124330672704128
6,2645231,4,1,Liverpool,14,1.843771252300618,1.1732029448586945,0.2967609474569506,1.1558625962653173,1.416876758440856,Fulham,H,24.4445,24.405125,51.150375,1.6349940334339244,1.297849582628097,0.027915906388605083,-0.046137375931596725,1.2766069138372054,1.398745680742384,0.062298040407306465,-0.05237507011923981
7,2645232,4,1,Man Utd,1,1.5167352342437286,1.6682756679124535,0.1761336313300033,1.8175680928447424,1.083590615435586,Man City,H,27.11775,45.316125,27.566125,1.601499067694557,1.2901494606949602,0.16495567768211017,-0.0043326572635838945,1.8658497232060616,1.0639108951970058,-0.011748005861057398,-0.06184885359403858
8,2645233,4,1,Sunderland,56,0.8462389167662102,1.5481243619221725,0.2152847126481586,1.5702206162069354,0.7961812892301291,Arsenal,H,25.29075,58.48475,16.2245,1.0452638591753722,1.3442071850827095,0.0329500312937937,-0.0860090383955292,1.627753129656376,0.7849706131538654,0.02307266018748888,-0.03973355104469517
9,2645234,4,1,Spurs,6,1.3488841235916724,1.231940051855542,0.2846520619287608,1.1199602860414497,1.42456912744383,Everton,H,30.72875,35.24825,34.018,1.1522676785118582,1.4218725618926122,0.05890746664349511,0.021443581368719378,1.222111777814466,1.3969592325051232,0.0260552695705496,-0.08172030820517884
10,2645235,5,2,Bournemouth,91,1.55523429561128,1.3997919493478652,0.1928253725238798,1.6027627347917914,1.2870892979235409,Liverpool,H,28.953625,40.762375000000006,30.284,1.440669420007322,1.3900783460793136,-0.0060847977017791655,-0.1663909932988068,1.6349940334339244,1.297849582628097,0.027915906388605083,-0.046137375931596725
11,2645236,5,2,Brentford,94,1.6669653836255838,1.418499264765235,0.2169110620621276,1.5368309191656433,1.3884292522878885,Chelsea,H,27.09375,38.963875,33.942375,1.4483368410800832,1.410960901297844,0.15177330177665005,-0.048943682096773244,1.644967679734981,1.4165960305668688,0.07376326760612206,-0.039008436031167215
12,2645237,5,2,Brighton,36,1.1747405337169012,1.3919371515256629,0.2306311196825332,1.5702206162069354,0.7961812892301291,Arsenal,H,27.075125,47.550250000000005,25.374625,1.4910634239045115,1.2738968908985506,0.01627149760587776,-0.08742415124784475,1.627753129656376,0.7849706131538654,0.02307266018748888,-0.03973355104469517
13,2645238,5,2,Everton,11,1.922557473177457,0.9476209744142364,0.346209696575269,1.0788844656756544,1.929092511848354,Ipswich Town,H,25.2205,21.806625000000004,52.972875,1.222111777814466,1.3969592325051232,0.0260552695705496,-0.08172030820517884,0.9971311753394356,1.7830146340150823,-0.12380829848677893,-0.1711398697738682
14,2645239,5,2,Fulham,54,1.3493950317651175,1.47546649084923,0.2238874846350284,1.3486839136428497,1.292695930127625,Man Utd,H,26.636000000000003,44.9935,28.3655,1.2766069138372054,1.398745680742384,0.062298040407306465,-0.05237507011923981,1.601499067694557,1.2901494606949602,0.16495567768211017,-0.0043326572635838945
15,2645240,5,2,Leeds,2,1.5326974692145652,1.2029628638545715,0.2738650310840095,1.217655981487316,1.4509022930389377,Crystal Palace,H,30.038,30.41325,39.54875,1.2850134075306512,1.428467506859067,0.042619780619760794,-0.05991991555301979,1.2498430903909965,1.4992133705941888,-0.0017037911421935448,-0.0427355690478779
16,2645241,5,2,Man City,43,2.082765929833857,0.8471366994875974,0.4117924157555673,0.9514571879503688,1.4034002205740566,Sunderland,H,22.819375,15.756125,61.4245,1.8658497232060616,1.0639108951970058,-0.011748005861057398,-0.06184885359403858,1.0452638591753722,1.3442071850827095,0.0329500312937937,-0.0860090383955292
17,2645242,5,2,Newcastle,4,1.9628934585226945,1.1688237190660815,0.3199107990871384,1.0514109121351156,1.578082293559504,Hull City,H,25.152125,20.598,54.249875,1.44962204962587,1.4380446488543144,0.18224219511179007,0.08124330672704128,0.9072505824170096,1.7857101994193874,0.006348648869507478,-0.04019613059664595
18,2645243,5,2,Nott'm Forest,17,1.5674566342928358,1.0026797355296195,0.368611162352878,1.0500111570490225,1.5576673022853966,Coventry City,H,27.56825,23.651625000000003,48.780125,1.2141382254052788,1.336594329058563,-0.08931995082577926,-0.13432769896669505,0.9178381204447604,1.6669347185034369,0.01065501357343801,-0.05342200640449479
19,2645244,5,2,Spurs,6,1.3232123468592911,1.1882893733989683,0.3140238332575834,1.03618877226497,1.4321748915714476,Aston Villa,H,31.434375000000003,32.676500000000004,35.88912499999999,1.1522676785118582,1.4218725618926122,0.05890746664349511,0.021443581368719378,1.1643035223079714,1.367056812528367,0.10309030051652457,-0.12495543639960105
20,2645245,6,3,Arsenal,3,1.955060410374135,0.7699127121975156,0.4792554083392057,1.1940200771197025,1.4779506953362,Leeds,H,25.01675,15.61375,59.3695,1.627753129656376,0.7849706131538654,0.02307266018748888,-0.03973355104469517,1.2850134075306512,1.428467506859067,0.042619780619760794,-0.05991991555301979
21,2645246,6,3,Aston Villa,7,1.394636655086833,1.285491583675357,0.2611770343550099,1.242871838346555,1.4308380174267896,Brentford,H,29.059375000000003,38.969375,31.97625,1.1643035223079714,1.367056812528367,0.10309030051652457,-0.12495543639960105,1.4483368410800832,1.410960901297844,0.15177330177665005,-0.048943682096773244
22,2645247,6,3,Chelsea,8,1.841940386343013,1.4198103139710998,0.2225353938814206,1.4143313413027876,1.535722423164417,Bournemouth,H,28.503,28.2795,43.2175,1.644967679734981,1.4165960305668688,0.07376326760612206,-0.039008436031167215,1.440669420007322,1.3900783460793136,-0.0060847977017791655,-0.1663909932988068
23,2645248,6,3,Coventry City,9,1.1908373494271516,1.3989186017290824,0.2132795211594275,1.2317635222613434,1.3011305120231862,Newcastle,H,28.386125,49.512,22.101875,0.9178381204447604,1.6669347185034369,0.01065501357343801,-0.05342200640449479,1.44962204962587,1.4380446488543144,0.18224219511179007,0.08124330672704128
24,2645249,6,3,Crystal Palace,31,1.3455051094378785,1.3373577588405323,0.2660702555899071,1.23088965657749,1.454338846236279,Nott'm Forest,H,30.227875,39.030625,30.7415,1.2498430903909965,1.4992133705941888,-0.0017037911421935448,-0.0427355690478779,1.2141382254052788,1.336594329058563,-0.08931995082577926,-0.13432769896669505
25,2645250,6,3,Hull City,88,1.161876114049138,1.3385998294817318,0.1943838245981063,1.1199602860414497,1.42456912744383,Everton,H,29.663625000000003,45.219875,25.1165,0.9072505824170096,1.7857101994193874,0.006348648869507478,-0.04019613059664595,1.222111777814466,1.3969592325051232,0.0260552695705496,-0.08172030820517884
26,2645251,6,3,Ipswich Town,40,1.092739643404813,1.6053825034316271,0.1826921773867248,1.1558625962653173,1.416876758440856,Fulham,H,26.052,50.83375,23.11425,0.9180313960686024,1.847030213556749,-0.08677889536177891,-0.02141771477386778,1.2766069138372054,1.398745680742384,0.062298040407306465,-0.05237507011923981
27,2645251,6,3,Ipswich Town,40,1.092739643404813,1.6053825034316271,0.1826921773867248,1.1558625962653173,1.416876758440856,Fulham,H,26.052,50.83375,23.11425,0.9971311753394356,1.7830146340150823,-0.12380829848677893,-0.1711398697738682,1.2766069138372054,1.398745680742384,0.062298040407306465,-0.05237507011923981
28,2645252,6,3,Liverpool,14,1.454541445862724,1.7537187445354403,0.1612885163564155,1.8175680928447424,1.083590615435586,Man City,H,26.285125,45.833875,27.881,1.6349940334339244,1.297849582628097,0.027915906388605083,-0.046137375931596725,1.8658497232060616,1.0639108951970058,-0.011748005861057398,-0.06184885359403858
29,2645253,6,3,Man Utd,1,1.9418598528709747,1.06449356547114,0.325262980938809,1.1152671669644916,1.3891379241070942,Spurs,H,23.170875,22.352375,54.47675,1.601499067694557,1.2901494606949602,0.16495567768211017,-0.0043326572635838945,1.1522676785118582,1.4218725618926122,0.05890746664349511,0.021443581368719378
30,2645254,6,3,Sunderland,56,1.2183022986882637,1.4269320545773514,0.2232071861673015,1.414110051990807,1.3290655218609997,Brighton,H,29.86,45.467,24.678,1.0452638591753722,1.3442071850827095,0.0329500312937937,-0.0860090383955292,1.4910634239045115,1.2738968908985506,0.01627149760587776,-0.08742415124784475
31,2645255,7,4,Bournemouth,91,1.6424139014886583,1.0418090627071934,0.3391949110177441,0.9514571879503688,1.4034002205740566,Sunderland,H,27.954500000000003,26.384875,45.660625,1.440669420007322,1.3900783460793136,-0.0060847977017791655,-0.1663909932988068,1.0452638591753722,1.3442071850827095,0.0329500312937937,-0.0860090383955292
32,2645256,7,4,Brentford,94,1.5718158145326782,1.463754473677481,0.2081584280833686,1.6027627347917914,1.2870892979235409,Liverpool,H,28.348875,41.504375,30.14675,1.4483368410800832,1.410960901297844,0.15177330177665005,-0.048943682096773244,1.6349940334339244,1.297849582628097,0.027915906388605083,-0.046137375931596725
33,2645257,7,4,Brighton,36,1.825284096827948,1.0713370541875762,0.3230830055825288,1.217655981487316,1.4509022930389377,Crystal Palace,H,26.076875,22.809875,51.11325,1.4910634239045115,1.2738968908985506,0.01627149760587776,-0.08742415124784475,1.2498430903909965,1.4992133705941888,-0.0017037911421935448,-0.0427355690478779
34,2645258,7,4,Everton,11,1.4090786056447044,1.4230006885905095,0.1992360683732879,1.5368309191656433,1.3884292522878885,Chelsea,H,27.195875,44.218125,28.586,1.222111777814466,1.3969592325051232,0.0260552695705496,-0.08172030820517884,1.644967679734981,1.4165960305668688,0.07376326760612206,-0.039008436031167215
35,2645259,7,4,Fulham,54,1.7510987038003152,1.058403519656397,0.3557972984852628,1.0514109121351156,1.578082293559504,Hull City,H,26.43775,21.445625,52.116625,1.2766069138372054,1.398745680742384,0.062298040407306465,-0.05237507011923981,0.9072505824170096,1.7857101994193874,0.006348648869507478,-0.04019613059664595
36,2645260,7,4,Leeds,2,1.360555463682806,1.510401367766767,0.2082100331939018,1.3486839136428497,1.292695930127625,Man Utd,H,27.353250000000003,45.470375,27.176375,1.2850134075306512,1.428467506859067,0.042619780619760794,-0.05991991555301979,1.601499067694557,1.2901494606949602,0.16495567768211017,-0.0043326572635838945
37,2645261,7,4,Man City,43,2.5207693866634395,0.7415513259858308,0.4165222448641292,1.0788844656756544,1.929092511848354,Ipswich Town,H,15.30375,9.79475,74.9015,1.8658497232060616,1.0639108951970058,-0.011748005861057398,-0.06184885359403858,0.9971311753394356,1.7830146340150823,-0.12380829848677893,-0.1711398697738682
38,2645262,7,4,Newcastle,4,1.6737403475461143,1.2567611220268198,0.3088042295628899,1.03618877226497,1.4321748915714476,Aston Villa,H,28.082125,27.251375,44.6665,1.44962204962587,1.4380446488543144,0.18224219511179007,0.08124330672704128,1.1643035223079714,1.367056812528367,0.10309030051652457,-0.12495543639960105
39,2645263,7,4,Nott'm Forest,17,0.9219794115966292,1.4854667121846543,0.222272010176276,1.5702206162069354,0.7961812892301291,Arsenal,H,25.4065,55.1355,19.458,1.2141382254052788,1.336594329058563,-0.08931995082577926,-0.13432769896669505,1.627753129656376,0.7849706131538654,0.02307266018748888,-0.03973355104469517
40,2645264,7,4,Spurs,6,1.4895611689460315,1.087512386430624,0.3373341389259451,1.0500111570490225,1.5576673022853966,Coventry City,H,29.6605,25.637,44.7025,1.1522676785118582,1.4218725618926122,0.05890746664349511,0.021443581368719378,0.9178381204447604,1.6669347185034369,0.01065501357343801,-0.05342200640449479
41,2645265,8,5,Arsenal,3,1.952473306772168,0.7639937381344615,0.4744406109969693,1.1199602860414497,1.42456912744383,Everton,H,23.66975,15.1205,61.20975,1.627753129656376,0.7849706131538654,0.02307266018748888,-0.03973355104469517,1.222111777814466,1.3969592325051232,0.0260552695705496,-0.08172030820517884
42,2645266,8,5,Aston Villa,7,1.1125300361874473,1.8010916761287534,0.1552298101813056,1.8175680928447424,1.083590615435586,Man City,H,23.939,57.972625,18.088375,1.1643035223079714,1.367056812528367,0.10309030051652457,-0.12495543639960105,1.8658497232060616,1.0639108951970058,-0.011748005861057398,-0.06184885359403858
43,2645267,8,5,Chelsea,8,1.8666010352279825,1.1277307059471715,0.3199694789923137,1.1152671669644916,1.3891379241070942,Spurs,H,24.578125,24.88375,50.538125,1.644967679734981,1.4165960305668688,0.07376326760612206,-0.039008436031167215,1.1522676785118582,1.4218725618926122,0.05890746664349511,0.021443581368719378
44,2645268,8,5,Coventry City,9,1.161898954332142,1.288204322757786,0.2246625824475782,1.1558625962653173,1.416876758440856,Fulham,H,30.628625,44.8015,24.569875,0.9178381204447604,1.6669347185034369,0.01065501357343801,-0.05342200640449479,1.2766069138372054,1.398745680742384,0.062298040407306465,-0.05237507011923981
45,2645269,8,5,Crystal Palace,31,1.3850428936988963,1.3601269750175256,0.2226130829787986,1.2317635222613434,1.3011305120231862,Newcastle,H,29.573125,39.467375,30.9645,1.2498430903909965,1.4992133705941888,-0.0017037911421935448,-0.0427355690478779,1.44962204962587,1.4380446488543144,0.18224219511179007,0.08124330672704128
46,2645270,8,5,Hull City,88,1.151807823723931,1.478454919958249,0.1848338429765457,1.242871838346555,1.4308380174267896,Brentford,H,26.008125,52.1915,21.800375,0.9072505824170096,1.7857101994193874,0.006348648869507478,-0.04019613059664595,1.4483368410800832,1.410960901297844,0.15177330177665005,-0.048943682096773244
47,2645271,8,5,Ipswich Town,40,1.0660185658047292,1.6200162388088215,0.185903122881661,1.23088965657749,1.454338846236279,Nott'm Forest,H,25.668750000000003,52.883375,21.447875,0.9180313960686024,1.847030213556749,-0.08677889536177891,-0.02141771477386778,1.2141382254052788,1.336594329058563,-0.08931995082577926,-0.13432769896669505
48,2645271,8,5,Ipswich Town,40,1.0660185658047292,1.6200162388088215,0.185903122881661,1.23088965657749,1.454338846236279,Nott'm Forest,H,25.668750000000003,52.883375,21.447875,0.9971311753394356,1.7830146340150823,-0.12380829848677893,-0.1711398697738682,1.2141382254052788,1.336594329058563,-0.08931995082577926,-0.13432769896669505
49,2645272,8,5,Liverpool,14,1.7023164777470317,1.4070958821389448,0.2410742430024182,1.414110051990807,1.3290655218609997,Brighton,H,26.625375,31.1765,42.198125000000005,1.6349940334339244,1.297849582628097,0.027915906388605083,-0.046137375931596725,1.4910634239045115,1.2738968908985506,0.01627149760587776,-0.08742415124784475
50,2645273,8,5,Man Utd,1,1.9003349466898047,1.2798126745412504,0.2758837427590939,1.4143313413027876,1.535722423164417,Bournemouth,H,27.811875,26.38025,45.807875,1.601499067694557,1.2901494606949602,0.16495567768211017,-0.0043326572635838945,1.440669420007322,1.3900783460793136,-0.0060847977017791655,-0.1663909932988068
51,2645274,8,5,Sunderland,56,1.3213802458885735,1.1985743416070278,0.2856606114274762,1.1940200771197025,1.4779506953362,Leeds,H,30.7775,35.284499999999994,33.938,1.0452638591753722,1.3442071850827095,0.0329500312937937,-0.0860090383955292,1.2850134075306512,1.428467506859067,0.042619780619760794,-0.05991991555301979
52,2645275,9,6,Bournemouth,91,1.6341433040941893,1.136943185293839,0.2990503756480074,1.1940200771197025,1.4779506953362,Leeds,H,29.238,28.8455,41.9165,1.440669420007322,1.3900783460793136,-0.0060847977017791655,-0.1663909932988068,1.2850134075306512,1.428467506859067,0.042619780619760794,-0.05991991555301979
53,2645276,9,6,Aston Villa,7,1.4120595776190985,1.1560411492896814,0.2899557301357658,1.1558625962653173,1.416876758440856,Fulham,H,29.249625,34.358625,36.38675,1.1643035223079714,1.367056812528367,0.10309030051652457,-0.12495543639960105,1.2766069138372054,1.398745680742384,0.062298040407306465,-0.05237507011923981
54,2645277,9,6,Brentford,94,1.6055895549776371,1.1988628599342657,0.2860554540222901,1.23088965657749,1.454338846236279,Nott'm Forest,H,28.855375,31.344875,39.80475,1.4483368410800832,1.410960901297844,0.15177330177665005,-0.048943682096773244,1.2141382254052788,1.336594329058563,-0.08931995082577926,-0.13432769896669505
55,2645278,9,6,Chelsea,8,1.6805764660392573,1.5158399379420522,0.2083690801116615,1.3486839136428497,1.292695930127625,Man Utd,H,27.303375,36.2555,36.441125,1.644967679734981,1.4165960305668688,0.07376326760612206,-0.039008436031167215,1.601499067694557,1.2901494606949602,0.16495567768211017,-0.0043326572635838945
56,2645279,9,6,Coventry City,9,1.1864137642907138,1.1545501658823385,0.2609136437041839,0.9514571879503688,1.4034002205740566,Sunderland,H,30.964,40.95125,28.08975,0.9178381204447604,1.6669347185034369,0.01065501357343801,-0.05342200640449479,1.0452638591753722,1.3442071850827095,0.0329500312937937,-0.0860090383955292
57,2645280,9,6,Hull City,88,1.6024982921947577,1.12318528961385,0.2892372807545075,1.0788844656756544,1.929092511848354,Ipswich Town,H,27.414375,32.741625,39.844,0.9072505824170096,1.7857101994193874,0.006348648869507478,-0.04019613059664595,0.9971311753394356,1.7830146340150823,-0.12380829848677893,-0.1711398697738682
58,2645281,9,6,Liverpool,14,1.2840541047426592,1.506464451173558,0.2032205364976728,1.5702206162069354,0.7961812892301291,Arsenal,H,27.433,45.146625,27.420375,1.6349940334339244,1.297849582628097,0.027915906388605083,-0.046137375931596725,1.627753129656376,0.7849706131538654,0.02307266018748888,-0.03973355104469517
59,2645282,9,6,Man City,43,1.9708426409426003,1.1370005576461155,0.2961529152832872,1.414110051990807,1.3290655218609997,Brighton,H,24.870875,23.6475,51.481625,1.8658497232060616,1.0639108951970058,-0.011748005861057398,-0.06184885359403858,1.4910634239045115,1.2738968908985506,0.01627149760587776,-0.08742415124784475
60,2645283,9,6,Newcastle,4,1.6558208897238331,1.3211223149012907,0.2771710489545148,1.1199602860414497,1.42456912744383,Everton,H,27.423875,29.617375000000003,42.95375,1.44962204962587,1.4380446488543144,0.18224219511179007,0.08124330672704128,1.222111777814466,1.3969592325051232,0.0260552695705496,-0.08172030820517884
61,2645284,9,6,Spurs,6,1.4303588383640813,1.2343870595443542,0.2670643093394906,1.217655981487316,1.4509022930389377,Crystal Palace,H,30.924,31.775875000000003,37.300125,1.1522676785118582,1.4218725618926122,0.05890746664349511,0.021443581368719378,1.2498430903909965,1.4992133705941888,-0.0017037911421935448,-0.0427355690478779
62,2645285,10,7,Arsenal,3,2.194719816342365,0.6772866560245822,0.5029069049638422,1.0514109121351156,1.578082293559504,Hull City,H,19.062375,10.451625,70.48599999999999,1.627753129656376,0.7849706131538654,0.02307266018748888,-0.03973355104469517,0.9072505824170096,1.7857101994193874,0.006348648869507478,-0.04019613059664595
63,2645286,10,7,Brighton,36,1.6571272848371552,1.1627139383659588,0.3014646739047432,1.242871838346555,1.4308380174267896,Brentford,H,27.515125,27.826125,44.65875,1.4910634239045115,1.2738968908985506,0.01627149760587776,-0.08742415124784475,1.4483368410800832,1.410960901297844,0.15177330177665005,-0.048943682096773244
64,2645287,10,7,Crystal Palace,31,1.3066482725724682,1.596427575545046,0.1760529307860343,1.6027627347917914,1.2870892979235409,Liverpool,H,25.008125,51.180125,23.81175,1.2498430903909965,1.4992133705941888,-0.0017037911421935448,-0.0427355690478779,1.6349940334339244,1.297849582628097,0.027915906388605083,-0.046137375931596725
65,2645288,10,7,Everton,11,1.606790458985742,1.0388826713568893,0.3677937463740629,1.0500111570490225,1.5576673022853966,Coventry City,H,26.9685,24.347,48.6845,1.222111777814466,1.3969592325051232,0.0260552695705496,-0.08172030820517884,0.9178381204447604,1.6669347185034369,0.01065501357343801,-0.05342200640449479
66,2645289,10,7,Fulham,54,1.4759640406497432,1.2951702207800968,0.2446047936562904,1.2317635222613434,1.3011305120231862,Newcastle,H,28.819625,35.994375000000005,35.186,1.2766069138372054,1.398745680742384,0.062298040407306465,-0.05237507011923981,1.44962204962587,1.4380446488543144,0.18224219511179007,0.08124330672704128
67,2645290,10,7,Ipswich Town,40,1.124292704401061,1.7874959496534006,0.1462446872738663,1.4143313413027876,1.535722423164417,Bournemouth,H,24.816375,55.44575,19.737875000000003,0.9180313960686024,1.847030213556749,-0.08677889536177891,-0.02141771477386778,1.440669420007322,1.3900783460793136,-0.0060847977017791655,-0.1663909932988068
68,2645290,10,7,Ipswich Town,40,1.124292704401061,1.7874959496534006,0.1462446872738663,1.4143313413027876,1.535722423164417,Bournemouth,H,24.816375,55.44575,19.737875000000003,0.9971311753394356,1.7830146340150823,-0.12380829848677893,-0.1711398697738682,1.440669420007322,1.3900783460793136,-0.0060847977017791655,-0.1663909932988068
69,2645291,10,7,Leeds,2,1.4873084275759207,1.117826325346463,0.3177076760894464,1.1152671669644916,1.3891379241070942,Spurs,H,28.30675,30.87325,40.82,1.2850134075306512,1.428467506859067,0.042619780619760794,-0.05991991555301979,1.1522676785118582,1.4218725618926122,0.05890746664349511,0.021443581368719378
70,2645292,10,7,Man Utd,1,1.922235451228019,1.1017549872954566,0.3396018801730147,1.03618877226497,1.4321748915714476,Aston Villa,H,25.136,21.745375000000003,53.113625,1.601499067694557,1.2901494606949602,0.16495567768211017,-0.0043326572635838945,1.1643035223079714,1.367056812528367,0.10309030051652457,-0.12495543639960105
71,2645293,10,7,Nott'm Forest,17,1.086447542968269,1.7554592714763166,0.1640827249091974,1.8175680928447424,1.083590615435586,Man City,H,24.89825,56.063875,19.037875,1.2141382254052788,1.336594329058563,-0.08931995082577926,-0.13432769896669505,1.8658497232060616,1.0639108951970058,-0.011748005861057398,-0.06184885359403858
72,2645294,10,7,Sunderland,56,1.3057451796394015,1.4106961174740529,0.2075238906350897,1.5368309191656433,1.3884292522878885,Chelsea,H,28.440125,45.2425,26.317375,1.0452638591753722,1.3442071850827095,0.0329500312937937,-0.0860090383955292,1.644967679734981,1.4165960305668688,0.07376326760612206,-0.039008436031167215
73,2645295,11,8,Bournemouth,91,1.599739385072691,1.15843461612345,0.3024727690737386,1.23088965657749,1.454338846236279,Nott'm Forest,H,29.078375,32.1095,38.817125,1.440669420007322,1.3900783460793136,-0.0060847977017791655,-0.1663909932988068,1.2141382254052788,1.336594329058563,-0.08931995082577926,-0.13432769896669505
74,2645296,11,8,Aston Villa,7,1.4144820368218178,1.0510824052040169,0.3678371477475872,0.9514571879503688,1.4034002205740566,Sunderland,H,30.7435,31.470375,37.786125,1.1643035223079714,1.367056812528367,0.10309030051652457,-0.12495543639960105,1.0452638591753722,1.3442071850827095,0.0329500312937937,-0.0860090383955292
75,2645297,11,8,Brentford,94,1.6637659852873323,1.1931587484648054,0.2994431896228274,1.1199602860414497,1.42456912744383,Everton,H,28.7465,29.211625,42.046875,1.4483368410800832,1.410960901297844,0.15177330177665005,-0.048943682096773244,1.222111777814466,1.3969592325051232,0.0260552695705496,-0.08172030820517884
76,2645298,11,8,Chelsea,8,1.8162278967276608,1.2560141275196184,0.286031224971907,1.1940200771197025,1.4779506953362,Leeds,H,26.373625,27.6615,45.964875000000006,1.644967679734981,1.4165960305668688,0.07376326760612206,-0.039008436031167215,1.2850134075306512,1.428467506859067,0.042619780619760794,-0.05991991555301979
77,2645299,11,8,Coventry City,9,1.2780192688616947,1.2926487933872048,0.2197402532264467,1.217655981487316,1.4509022930389377,Crystal Palace,H,30.018,41.7755,28.2065,0.9178381204447604,1.6669347185034369,0.01065501357343801,-0.05342200640449479,1.2498430903909965,1.4992133705941888,-0.0017037911421935448,-0.0427355690478779
78,2645300,11,8,Hull City,88,1.0815395380184571,1.6035889995320385,0.1587338198314566,1.414110051990807,1.3290655218609997,Brighton,H,24.858,56.6315,18.5105,0.9072505824170096,1.7857101994193874,0.006348648869507478,-0.04019613059664595,1.4910634239045115,1.2738968908985506,0.01627149760587776,-0.08742415124784475
79,2645301,11,8,Liverpool,14,1.670507606800419,1.4307316271796946,0.237657902212925,1.3486839136428497,1.292695930127625,Man Utd,H,26.955875,34.018249999999995,39.025875,1.6349940334339244,1.297849582628097,0.027915906388605083,-0.046137375931596725,1.601499067694557,1.2901494606949602,0.16495567768211017,-0.0043326572635838945
80,2645302,11,8,Man City,43,2.086908274178665,0.9297407616634542,0.3623697867280299,1.1558625962653173,1.416876758440856,Fulham,H,23.137875,17.234375,59.627750000000006,1.8658497232060616,1.0639108951970058,-0.011748005861057398,-0.06184885359403858,1.2766069138372054,1.398745680742384,0.062298040407306465,-0.05237507011923981
81,2645303,11,8,Newcastle,4,1.1280002561432152,1.6969658581441645,0.1709838895074865,1.5702206162069354,0.7961812892301291,Arsenal,H,25.859125,54.60825,19.532625,1.44962204962587,1.4380446488543144,0.18224219511179007,0.08124330672704128,1.627753129656376,0.7849706131538654,0.02307266018748888,-0.03973355104469517
82,2645304,11,8,Spurs,6,1.774488071984393,0.9952985323915484,0.3235213850621553,1.0788844656756544,1.929092511848354,Ipswich Town,H,25.743625,25.1845,49.071875,1.1522676785118582,1.4218725618926122,0.05890746664349511,0.021443581368719378,0.9971311753394356,1.7830146340150823,-0.12380829848677893,-0.1711398697738682
83,2645225,4,1,Brentford,94,1.2417049489183791,1.5324548811387273,0.1965692128317462,1.4021617458992293,1.2029404365668035,Bournemouth,A,28.713375,39.7055,31.581125,1.4483368410800832,1.410960901297844,0.15177330177665005,-0.048943682096773244,1.440669420007322,1.3900783460793136,-0.0060847977017791655,-0.1663909932988068
84,2645226,4,1,Nott'm Forest,17,1.1970881370490418,1.3348455522937677,0.2567166151706979,1.2423693732980192,1.1822640187722455,Aston Villa,A,29.762875,33.675125,36.562,1.2141382254052788,1.336594329058563,-0.08931995082577926,-0.13432769896669505,1.1643035223079714,1.367056812528367,0.10309030051652457,-0.12495543639960105
85,2645227,4,1,Hull City,88,1.011019066021672,1.8391890173310887,0.1118783116168913,1.6843574543778874,1.310412380225554,Chelsea,A,23.149375,59.713625,17.137,0.9072505824170096,1.7857101994193874,0.006348648869507478,-0.04019613059664595,1.644967679734981,1.4165960305668688,0.07376326760612206,-0.039008436031167215
86,2645228,4,1,Brighton,36,1.654731504643308,1.0899941953130534,0.3417993866466932,1.0671099059678797,1.391925955068611,Coventry City,A,25.387625,19.460125,55.15225,1.4910634239045115,1.2738968908985506,0.01627149760587776,-0.08742415124784475,0.9178381204447604,1.6669347185034369,0.01065501357343801,-0.05342200640449479
87,2645229,4,1,Ipswich Town,40,1.0833191576557386,1.8504600527489263,0.1415392980477052,1.214248399202929,1.365431154943182,Crystal Palace,A,24.614625,52.062,23.323375,0.9180313960686024,1.847030213556749,-0.08677889536177891,-0.02141771477386778,1.2498430903909965,1.4992133705941888,-0.0017037911421935448,-0.0427355690478779
88,2645229,4,1,Ipswich Town,40,1.0833191576557386,1.8504600527489263,0.1415392980477052,1.214248399202929,1.365431154943182,Crystal Palace,A,24.614625,52.062,23.323375,0.9971311753394356,1.7830146340150823,-0.12380829848677893,-0.1711398697738682,1.2498430903909965,1.4992133705941888,-0.0017037911421935448,-0.0427355690478779
89,2645230,4,1,Newcastle,4,1.3644339097916096,1.4347690295440738,0.2378866363815576,1.279259638359224,1.3581108642301605,Leeds,A,29.902625,33.946250000000006,36.15112499999999,1.44962204962587,1.4380446488543144,0.18224219511179007,0.08124330672704128,1.2850134075306512,1.428467506859067,0.042619780619760794,-0.05991991555301979
90,2645231,4,1,Fulham,54,1.1608759724293471,1.7580365046012365,0.1333738764354178,1.6585945475690016,1.1948145460603474,Liverpool,A,24.4445,51.150375,24.405125,1.2766069138372054,1.398745680742384,0.062298040407306465,-0.05237507011923981,1.6349940334339244,1.297849582628097,0.027915906388605083,-0.046137375931596725
91,2645232,4,1,Man City,43,1.6878123339562268,1.4177994684874573,0.2335780883235719,1.67859526900707,1.2840306156004573,Man Utd,A,27.11775,27.566125,45.316125,1.8658497232060616,1.0639108951970058,-0.011748005861057398,-0.06184885359403858,1.601499067694557,1.2901494606949602,0.16495567768211017,-0.0043326572635838945
92,2645233,4,1,Arsenal,3,1.616790680961086,0.7573438335324204,0.4596545072593815,1.0173572505379562,1.2313821437829982,Sunderland,A,25.29075,16.2245,58.48475,1.627753129656376,0.7849706131538654,0.02307266018748888,-0.03973355104469517,1.0452638591753722,1.3442071850827095,0.0329500312937937,-0.0860090383955292
93,2645234,4,1,Everton,11,1.2449790259277709,1.273763247183345,0.2228176167903477,1.2330821002514818,1.432025086844533,Spurs,A,30.72875,34.018,35.24825,1.222111777814466,1.3969592325051232,0.0260552695705496,-0.08172030820517884,1.1522676785118582,1.4218725618926122,0.05890746664349511,0.021443581368719378
94,2645235,5,2,Liverpool,14,1.4777174746739328,1.5148445912225603,0.2273738893975,1.4021617458992293,1.2029404365668035,Bournemouth,A,28.953625,30.284,40.762375000000006,1.6349940334339244,1.297849582628097,0.027915906388605083,-0.046137375931596725,1.440669420007322,1.3900783460793136,-0.0060847977017791655,-0.1663909932988068
95,2645236,5,2,Chelsea,8,1.4824166323826176,1.6370487672511675,0.1897736544625985,1.546418441899855,1.3329506532332431,Brentford,A,27.09375,33.942375,38.963875,1.644967679734981,1.4165960305668688,0.07376326760612206,-0.039008436031167215,1.4483368410800832,1.410960901297844,0.15177330177665005,-0.048943682096773244
96,2645237,5,2,Arsenal,3,1.4914580757628313,1.0916290674338025,0.3626124424958579,1.4466530472025625,1.1542172193653102,Brighton,A,27.075125,25.374625,47.550250000000005,1.627753129656376,0.7849706131538654,0.02307266018748888,-0.03973355104469517,1.4910634239045115,1.2738968908985506,0.01627149760587776,-0.08742415124784475
97,2645238,5,2,Ipswich Town,40,0.9883104872071182,1.868227946354914,0.1436754925246861,1.172070825182549,1.2611285110334722,Everton,A,25.2205,52.972875,21.806625000000004,0.9180313960686024,1.847030213556749,-0.08677889536177891,-0.02141771477386778,1.222111777814466,1.3969592325051232,0.0260552695705496,-0.08172030820517884
98,2645238,5,2,Ipswich Town,40,0.9883104872071182,1.868227946354914,0.1436754925246861,1.172070825182549,1.2611285110334722,Everton,A,25.2205,52.972875,21.806625000000004,0.9971311753394356,1.7830146340150823,-0.12380829848677893,-0.1711398697738682,1.222111777814466,1.3969592325051232,0.0260552695705496,-0.08172030820517884
99,2645239,5,2,Man Utd,1,1.511567745424615,1.243776063530235,0.2565054931530864,1.2804586770799302,1.3121266182023763,Fulham,A,26.636000000000003,28.3655,44.9935,1.601499067694557,1.2901494606949602,0.16495567768211017,-0.0043326572635838945,1.2766069138372054,1.398745680742384,0.062298040407306465,-0.05237507011923981
100,2645240,5,2,Crystal Palace,31,1.2024464319272858,1.4881229384291306,0.2222535294636372,1.279259638359224,1.3581108642301605,Leeds,A,30.038,39.54875,30.41325,1.2498430903909965,1.4992133705941888,-0.0017037911421935448,-0.0427355690478779,1.2850134075306512,1.428467506859067,0.042619780619760794,-0.05991991555301979
101,2645241,5,2,Sunderland,56,0.9104393497437988,2.021206859667714,0.1373327089988564,1.7940720811226276,0.959892908247509,Man City,A,22.819375,61.4245,15.756125,1.0452638591753722,1.3442071850827095,0.0329500312937937,-0.0860090383955292,1.8658497232060616,1.0639108951970058,-0.011748005861057398,-0.06184885359403858
102,2645242,5,2,Hull City,88,1.0995473595330407,1.7481519170453887,0.1403366171466017,1.5962479124849236,1.4636171254772687,Newcastle,A,25.152125,54.249875,20.598,0.9072505824170096,1.7857101994193874,0.006348648869507478,-0.04019613059664595,1.44962204962587,1.4380446488543144,0.18224219511179007,0.08124330672704128
103,2645243,5,2,Coventry City,9,1.0060713677648097,1.4321002685856716,0.1960137238546342,1.0522497549259315,1.1856834483028889,Nott'm Forest,A,27.56825,48.780125,23.651625000000003,0.9178381204447604,1.6669347185034369,0.01065501357343801,-0.05342200640449479,1.2141382254052788,1.336594329058563,-0.08931995082577926,-0.13432769896669505
104,2645244,5,2,Aston Villa,7,1.1945306866994845,1.2588276937185825,0.2514127214278863,1.2330821002514818,1.432025086844533,Spurs,A,31.434375000000003,35.88912499999999,32.676500000000004,1.1643035223079714,1.367056812528367,0.10309030051652457,-0.12495543639960105,1.1522676785118582,1.4218725618926122,0.05890746664349511,0.021443581368719378
105,2645245,6,3,Leeds,2,0.7860913560987578,1.8136658207482697,0.1522761916299654,1.6163659365819132,0.7167141871407388,Arsenal,A,25.01675,59.3695,15.61375,1.2850134075306512,1.428467506859067,0.042619780619760794,-0.05991991555301979,1.627753129656376,0.7849706131538654,0.02307266018748888,-0.03973355104469517
106,2645246,6,3,Brentford,94,1.2970082918376784,1.3624973101736657,0.2365573410776602,1.2423693732980192,1.1822640187722455,Aston Villa,A,29.059375000000003,31.97625,38.969375,1.4483368410800832,1.410960901297844,0.15177330177665005,-0.048943682096773244,1.1643035223079714,1.367056812528367,0.10309030051652457,-0.12495543639960105
107,2645247,6,3,Bournemouth,91,1.41088565698555,1.707486772686026,0.1444444041100555,1.6843574543778874,1.310412380225554,Chelsea,A,28.503,43.2175,28.2795,1.440669420007322,1.3900783460793136,-0.0060847977017791655,-0.1663909932988068,1.644967679734981,1.4165960305668688,0.07376326760612206,-0.039008436031167215
108,2645248,6,3,Newcastle,4,1.4865688008645412,1.236321698854303,0.3218796944109087,1.0671099059678797,1.391925955068611,Coventry City,A,28.386125,22.101875,49.512,1.44962204962587,1.4380446488543144,0.18224219511179007,0.08124330672704128,0.9178381204447604,1.6669347185034369,0.01065501357343801,-0.05342200640449479
109,2645249,6,3,Nott'm Forest,17,1.3271863794202663,1.3070942188757566,0.255733558946669,1.214248399202929,1.365431154943182,Crystal Palace,A,30.227875,30.7415,39.030625,1.2141382254052788,1.336594329058563,-0.08931995082577926,-0.13432769896669505,1.2498430903909965,1.4992133705941888,-0.0017037911421935448,-0.0427355690478779
110,2645250,6,3,Everton,11,1.466719414740866,1.1947722280982762,0.3219915225294117,1.0667871151724009,1.4176312966658575,Hull City,A,29.663625000000003,25.1165,45.219875,1.222111777814466,1.3969592325051232,0.0260552695705496,-0.08172030820517884,0.9072505824170096,1.7857101994193874,0.006348648869507478,-0.04019613059664595
111,2645251,6,3,Fulham,54,1.5622402517158136,1.0105292868096267,0.3501556563647529,0.8312678687020966,1.5868127723006176,Ipswich Town,A,26.052,23.11425,50.83375,1.2766069138372054,1.398745680742384,0.062298040407306465,-0.05237507011923981,0.9971311753394356,1.7830146340150823,-0.12380829848677893,-0.1711398697738682
112,2645252,6,3,Man City,43,1.7422913722677202,1.3465388917254482,0.2276831082087878,1.6585945475690016,1.1948145460603474,Liverpool,A,26.285125,27.881,45.833875,1.8658497232060616,1.0639108951970058,-0.011748005861057398,-0.06184885359403858,1.6349940334339244,1.297849582628097,0.027915906388605083,-0.046137375931596725
113,2645253,6,3,Spurs,6,1.08749678273557,1.8761007057419488,0.1539209832141171,1.67859526900707,1.2840306156004573,Man Utd,A,23.170875,54.47675,22.352375,1.1522676785118582,1.4218725618926122,0.05890746664349511,0.021443581368719378,1.601499067694557,1.2901494606949602,0.16495567768211017,-0.0043326572635838945
114,2645254,6,3,Brighton,36,1.4373155272886755,1.144610597376527,0.2968578338314456,1.0173572505379562,1.2313821437829982,Sunderland,A,29.86,24.678,45.467,1.4910634239045115,1.2738968908985506,0.01627149760587776,-0.08742415124784475,1.0452638591753722,1.3442071850827095,0.0329500312937937,-0.0860090383955292
115,2645255,7,4,Sunderland,56,1.0623930313535968,1.5844008029773171,0.2083784492259851,1.4021617458992293,1.2029404365668035,Bournemouth,A,27.954500000000003,45.660625,26.384875,1.0452638591753722,1.3442071850827095,0.0329500312937937,-0.0860090383955292,1.440669420007322,1.3900783460793136,-0.0060847977017791655,-0.1663909932988068
116,2645256,7,4,Liverpool,14,1.5189412368387405,1.550461629065356,0.2140904708084467,1.546418441899855,1.3329506532332431,Brentford,A,28.348875,30.14675,41.504375,1.6349940334339244,1.297849582628097,0.027915906388605083,-0.046137375931596725,1.4483368410800832,1.410960901297844,0.15177330177665005,-0.048943682096773244
117,2645257,7,4,Crystal Palace,31,1.093761027093788,1.7507521936558952,0.1736615190691084,1.4466530472025625,1.1542172193653102,Brighton,A,26.076875,51.11325,22.809875,1.2498430903909965,1.4992133705941888,-0.0017037911421935448,-0.0427355690478779,1.4910634239045115,1.2738968908985506,0.01627149760587776,-0.08742415124784475
118,2645258,7,4,Chelsea,8,1.4845068442952547,1.3771402112894089,0.2423333839634047,1.172070825182549,1.2611285110334722,Everton,A,27.195875,28.586,44.218125,1.644967679734981,1.4165960305668688,0.07376326760612206,-0.039008436031167215,1.222111777814466,1.3969592325051232,0.0260552695705496,-0.08172030820517884
119,2645259,7,4,Hull City,88,1.0228912598281985,1.5638894076006302,0.1591776060479162,1.2804586770799302,1.3121266182023763,Fulham,A,26.43775,52.116625,21.445625,0.9072505824170096,1.7857101994193874,0.006348648869507478,-0.04019613059664595,1.2766069138372054,1.398745680742384,0.062298040407306465,-0.05237507011923981
120,2645260,7,4,Man Utd,1,1.5360221838833834,1.2588499273656124,0.2572700309435226,1.279259638359224,1.3581108642301605,Leeds,A,27.353250000000003,27.176375,45.470375,1.601499067694557,1.2901494606949602,0.16495567768211017,-0.0043326572635838945,1.2850134075306512,1.428467506859067,0.042619780619760794,-0.05991991555301979
121,2645261,7,4,Ipswich Town,40,0.8371421629929154,2.5437877733268794,0.0726241768156528,1.7940720811226276,0.959892908247509,Man City,A,15.30375,74.9015,9.79475,0.9180313960686024,1.847030213556749,-0.08677889536177891,-0.02141771477386778,1.8658497232060616,1.0639108951970058,-0.011748005861057398,-0.06184885359403858
122,2645261,7,4,Ipswich Town,40,0.8371421629929154,2.5437877733268794,0.0726241768156528,1.7940720811226276,0.959892908247509,Man City,A,15.30375,74.9015,9.79475,0.9971311753394356,1.7830146340150823,-0.12380829848677893,-0.1711398697738682,1.8658497232060616,1.0639108951970058,-0.011748005861057398,-0.06184885359403858
123,2645262,7,4,Aston Villa,7,1.2429910610134098,1.5799596950922288,0.171127357585108,1.5962479124849236,1.4636171254772687,Newcastle,A,28.082125,44.6665,27.251375,1.1643035223079714,1.367056812528367,0.10309030051652457,-0.12495543639960105,1.44962204962587,1.4380446488543144,0.18224219511179007,0.08124330672704128
124,2645263,7,4,Arsenal,3,1.5679293560923273,0.8285748231932583,0.4344923111370657,1.0522497549259315,1.1856834483028889,Nott'm Forest,A,25.4065,19.458,55.1355,1.627753129656376,0.7849706131538654,0.02307266018748888,-0.03973355104469517,1.2141382254052788,1.336594329058563,-0.08931995082577926,-0.13432769896669505
125,2645264,7,4,Coventry City,9,1.0743291932153118,1.3754333378920636,0.2255864730871613,1.2330821002514818,1.432025086844533,Spurs,A,29.6605,44.7025,25.637,0.9178381204447604,1.6669347185034369,0.01065501357343801,-0.05342200640449479,1.1522676785118582,1.4218725618926122,0.05890746664349511,0.021443581368719378
126,2645265,8,5,Everton,11,0.7721088690672308,1.7914066135443356,0.1454080802625534,1.6163659365819132,0.7167141871407388,Arsenal,A,23.66975,61.20975,15.1205,1.222111777814466,1.3969592325051232,0.0260552695705496,-0.08172030820517884,1.627753129656376,0.7849706131538654,0.02307266018748888,-0.03973355104469517
127,2645266,8,5,Man City,43,1.7880068380643768,1.0538830723748944,0.3235461628748247,1.2423693732980192,1.1822640187722455,Aston Villa,A,23.939,18.088375,57.972625,1.8658497232060616,1.0639108951970058,-0.011748005861057398,-0.06184885359403858,1.1643035223079714,1.367056812528367,0.10309030051652457,-0.12495543639960105
128,2645267,8,5,Spurs,6,1.1360288529735858,1.7090390704559644,0.1490091693255932,1.6843574543778874,1.310412380225554,Chelsea,A,24.578125,50.538125,24.88375,1.1522676785118582,1.4218725618926122,0.05890746664349511,0.021443581368719378,1.644967679734981,1.4165960305668688,0.07376326760612206,-0.039008436031167215
129,2645268,8,5,Fulham,54,1.385942161378893,1.1943649086642838,0.3034939844128355,1.0671099059678797,1.391925955068611,Coventry City,A,30.628625,24.569875,44.8015,1.2766069138372054,1.398745680742384,0.062298040407306465,-0.05237507011923981,0.9178381204447604,1.6669347185034369,0.01065501357343801,-0.05342200640449479
130,2645269,8,5,Newcastle,4,1.4245549875087629,1.3933357873977934,0.263089326863218,1.214248399202929,1.365431154943182,Crystal Palace,A,29.573125,30.9645,39.467375,1.44962204962587,1.4380446488543144,0.18224219511179007,0.08124330672704128,1.2498430903909965,1.4992133705941888,-0.0017037911421935448,-0.0427355690478779
131,2645270,8,5,Brentford,94,1.6268704599791244,1.1832716474478622,0.3245686914818896,1.0667871151724009,1.4176312966658575,Hull City,A,26.008125,21.800375,52.1915,1.4483368410800832,1.410960901297844,0.15177330177665005,-0.048943682096773244,0.9072505824170096,1.7857101994193874,0.006348648869507478,-0.04019613059664595
132,2645271,8,5,Nott'm Forest,17,1.576528119404411,0.9921421316094584,0.3244544903349844,0.8312678687020966,1.5868127723006176,Ipswich Town,A,25.668750000000003,21.447875,52.883375,1.2141382254052788,1.336594329058563,-0.08931995082577926,-0.13432769896669505,0.9971311753394356,1.7830146340150823,-0.12380829848677893,-0.1711398697738682
133,2645272,8,5,Brighton,36,1.4020119410694725,1.6243819554940633,0.1768328666068727,1.6585945475690016,1.1948145460603474,Liverpool,A,26.625375,42.198125000000005,31.1765,1.4910634239045115,1.2738968908985506,0.01627149760587776,-0.08742415124784475,1.6349940334339244,1.297849582628097,0.027915906388605083,-0.046137375931596725
134,2645273,8,5,Bournemouth,91,1.2720243372706252,1.8107268933796088,0.1534348759956643,1.67859526900707,1.2840306156004573,Man Utd,A,27.811875,45.807875,26.38025,1.440669420007322,1.3900783460793136,-0.0060847977017791655,-0.1663909932988068,1.601499067694557,1.2901494606949602,0.16495567768211017,-0.0043326572635838945
135,2645274,8,5,Leeds,2,1.224138670803514,1.254156491777147,0.2807997051512272,1.0173572505379562,1.2313821437829982,Sunderland,A,30.7775,33.938,35.284499999999994,1.2850134075306512,1.428467506859067,0.042619780619760794,-0.05991991555301979,1.0452638591753722,1.3442071850827095,0.0329500312937937,-0.0860090383955292
136,2645275,9,6,Leeds,2,1.1689065926469195,1.5685076081883789,0.1971522461877398,1.4021617458992293,1.2029404365668035,Bournemouth,A,29.238,41.9165,28.8455,1.2850134075306512,1.428467506859067,0.042619780619760794,-0.05991991555301979,1.440669420007322,1.3900783460793136,-0.0060847977017791655,-0.1663909932988068
137,2645276,9,6,Fulham,54,1.1694565746448409,1.3874511552381965,0.2450479619507708,1.2423693732980192,1.1822640187722455,Aston Villa,A,29.249625,36.38675,34.358625,1.2766069138372054,1.398745680742384,0.062298040407306465,-0.05237507011923981,1.1643035223079714,1.367056812528367,0.10309030051652457,-0.12495543639960105
138,2645277,9,6,Nott'm Forest,17,1.2117279299671329,1.5676021099552742,0.188044497028132,1.546418441899855,1.3329506532332431,Brentford,A,28.855375,39.80475,31.344875,1.2141382254052788,1.336594329058563,-0.08931995082577926,-0.13432769896669505,1.4483368410800832,1.410960901297844,0.15177330177665005,-0.048943682096773244
139,2645278,9,6,Man Utd,1,1.5371549689710262,1.5598839320785145,0.1690901506898711,1.6843574543778874,1.310412380225554,Chelsea,A,27.303375,36.441125,36.2555,1.601499067694557,1.2901494606949602,0.16495567768211017,-0.0043326572635838945,1.644967679734981,1.4165960305668688,0.07376326760612206,-0.039008436031167215
140,2645279,9,6,Sunderland,56,1.2456950829411693,1.1822655285814274,0.2980755313594967,1.0671099059678797,1.391925955068611,Coventry City,A,30.964,28.08975,40.95125,1.0452638591753722,1.3442071850827095,0.0329500312937937,-0.0860090383955292,0.9178381204447604,1.6669347185034369,0.01065501357343801,-0.05342200640449479
141,2645280,9,6,Ipswich Town,40,1.254295144806925,1.6617395843895149,0.1818300959442774,1.0667871151724009,1.4176312966658575,Hull City,A,27.414375,39.844,32.741625,0.9180313960686024,1.847030213556749,-0.08677889536177891,-0.02141771477386778,0.9072505824170096,1.7857101994193874,0.006348648869507478,-0.04019613059664595
142,2645280,9,6,Ipswich Town,40,1.254295144806925,1.6617395843895149,0.1818300959442774,1.0667871151724009,1.4176312966658575,Hull City,A,27.414375,39.844,32.741625,0.9971311753394356,1.7830146340150823,-0.12380829848677893,-0.1711398697738682,0.9072505824170096,1.7857101994193874,0.006348648869507478,-0.04019613059664595
143,2645281,9,6,Arsenal,3,1.557512725586779,1.1324802094853184,0.2851984319150274,1.6585945475690016,1.1948145460603474,Liverpool,A,27.433,27.420375,45.146625,1.627753129656376,0.7849706131538654,0.02307266018748888,-0.03973355104469517,1.6349940334339244,1.297849582628097,0.027915906388605083,-0.046137375931596725
144,2645282,9,6,Brighton,36,1.168164278823058,1.828074281885201,0.1336565401001905,1.7940720811226276,0.959892908247509,Man City,A,24.870875,51.481625,23.6475,1.4910634239045115,1.2738968908985506,0.01627149760587776,-0.08742415124784475,1.8658497232060616,1.0639108951970058,-0.011748005861057398,-0.06184885359403858
145,2645283,9,6,Everton,11,1.2854376574506454,1.564470779447666,0.2101561572728841,1.5962479124849236,1.4636171254772687,Newcastle,A,27.423875,42.95375,29.617375000000003,1.222111777814466,1.3969592325051232,0.0260552695705496,-0.08172030820517884,1.44962204962587,1.4380446488543144,0.18224219511179007,0.08124330672704128
146,2645284,9,6,Crystal Palace,31,1.246188529772177,1.3745316767281626,0.2088299229346734,1.2330821002514818,1.432025086844533,Spurs,A,30.924,37.300125,31.775875000000003,1.2498430903909965,1.4992133705941888,-0.0017037911421935448,-0.0427355690478779,1.1522676785118582,1.4218725618926122,0.05890746664349511,0.021443581368719378
147,2645285,10,7,Hull City,88,0.6710483280122911,1.9655836326847305,0.1248689311329042,1.6163659365819132,0.7167141871407388,Arsenal,A,19.062375,70.48599999999999,10.451625,0.9072505824170096,1.7857101994193874,0.006348648869507478,-0.04019613059664595,1.627753129656376,0.7849706131538654,0.02307266018748888,-0.03973355104469517
148,2645286,10,7,Brentford,94,1.2051629691829793,1.6251505696743105,0.1896708577319999,1.4466530472025625,1.1542172193653102,Brighton,A,27.515125,44.65875,27.826125,1.4483368410800832,1.410960901297844,0.15177330177665005,-0.048943682096773244,1.4910634239045115,1.2738968908985506,0.01627149760587776,-0.08742415124784475
149,2645287,10,7,Liverpool,14,1.6321072877725231,1.2697795451449363,0.2833327407022573,1.214248399202929,1.365431154943182,Crystal Palace,A,25.008125,23.81175,51.180125,1.6349940334339244,1.297849582628097,0.027915906388605083,-0.046137375931596725,1.2498430903909965,1.4992133705941888,-0.0017037911421935448,-0.0427355690478779
150,2645288,10,7,Coventry City,9,1.017463835678445,1.5016179179714844,0.186108994674692,1.172070825182549,1.2611285110334722,Everton,A,26.9685,48.6845,24.347,0.9178381204447604,1.6669347185034369,0.01065501357343801,-0.05342200640449479,1.222111777814466,1.3969592325051232,0.0260552695705496,-0.08172030820517884
151,2645289,10,7,Newcastle,4,1.3235766103900484,1.4428740812994865,0.2382305018590605,1.2804586770799302,1.3121266182023763,Fulham,A,28.819625,35.186,35.994375000000005,1.44962204962587,1.4380446488543144,0.18224219511179007,0.08124330672704128,1.2766069138372054,1.398745680742384,0.062298040407306465,-0.05237507011923981
152,2645290,10,7,Bournemouth,91,1.7745419748267004,1.0313634088021226,0.3125989375491941,0.8312678687020966,1.5868127723006176,Ipswich Town,A,24.816375,19.737875000000003,55.44575,1.440669420007322,1.3900783460793136,-0.0060847977017791655,-0.1663909932988068,0.9971311753394356,1.7830146340150823,-0.12380829848677893,-0.1711398697738682
153,2645291,10,7,Spurs,6,1.1420421626732316,1.4068578551518416,0.219563156101716,1.279259638359224,1.3581108642301605,Leeds,A,28.30675,40.82,30.87325,1.1522676785118582,1.4218725618926122,0.05890746664349511,0.021443581368719378,1.2850134075306512,1.428467506859067,0.042619780619760794,-0.05991991555301979
154,2645292,10,7,Aston Villa,7,1.0946954936477282,1.8206799024560385,0.1635659441708056,1.67859526900707,1.2840306156004573,Man Utd,A,25.136,53.113625,21.745375000000003,1.1643035223079714,1.367056812528367,0.10309030051652457,-0.12495543639960105,1.601499067694557,1.2901494606949602,0.16495567768211017,-0.0043326572635838945
155,2645293,10,7,Man City,43,1.7939486357381584,0.998532085936538,0.3458319085741982,1.0522497549259315,1.1856834483028889,Nott'm Forest,A,24.89825,19.037875,56.063875,1.8658497232060616,1.0639108951970058,-0.011748005861057398,-0.06184885359403858,1.2141382254052788,1.336594329058563,-0.08931995082577926,-0.13432769896669505
156,2645294,10,7,Chelsea,8,1.4741515587370264,1.240893359278803,0.2817927128417216,1.0173572505379562,1.2313821437829982,Sunderland,A,28.440125,26.317375,45.2425,1.644967679734981,1.4165960305668688,0.07376326760612206,-0.039008436031167215,1.0452638591753722,1.3442071850827095,0.0329500312937937,-0.0860090383955292
157,2645295,11,8,Nott'm Forest,17,1.1810943080617249,1.529751770145382,0.2009726111312733,1.4021617458992293,1.2029404365668035,Bournemouth,A,29.078375,38.817125,32.1095,1.2141382254052788,1.336594329058563,-0.08931995082577926,-0.13432769896669505,1.440669420007322,1.3900783460793136,-0.0060847977017791655,-0.1663909932988068
158,2645296,11,8,Sunderland,56,1.0584152026020084,1.3877890736436356,0.2609510756415771,1.2423693732980192,1.1822640187722455,Aston Villa,A,30.7435,37.786125,31.470375,1.0452638591753722,1.3442071850827095,0.0329500312937937,-0.0860090383955292,1.1643035223079714,1.367056812528367,0.10309030051652457,-0.12495543639960105
159,2645297,11,8,Everton,11,1.2123343742324026,1.5834359705746643,0.1869477267470977,1.546418441899855,1.3329506532332431,Brentford,A,28.7465,42.046875,29.211625,1.222111777814466,1.3969592325051232,0.0260552695705496,-0.08172030820517884,1.4483368410800832,1.410960901297844,0.15177330177665005,-0.048943682096773244
160,2645298,11,8,Leeds,2,1.2380595637598093,1.680172793455321,0.1559885102406363,1.6843574543778874,1.310412380225554,Chelsea,A,26.373625,45.964875000000006,27.6615,1.2850134075306512,1.428467506859067,0.042619780619760794,-0.05991991555301979,1.644967679734981,1.4165960305668688,0.07376326760612206,-0.039008436031167215
161,2645299,11,8,Crystal Palace,31,1.3730638966936024,1.3029695377233892,0.2883791697551743,1.0671099059678797,1.391925955068611,Coventry City,A,30.018,28.2065,41.7755,1.2498430903909965,1.4992133705941888,-0.0017037911421935448,-0.0427355690478779,0.9178381204447604,1.6669347185034369,0.01065501357343801,-0.05342200640449479
162,2645300,11,8,Brighton,36,1.750420499766019,1.1008630760369145,0.3419959302195942,1.0667871151724009,1.4176312966658575,Hull City,A,24.858,18.5105,56.6315,1.4910634239045115,1.2738968908985506,0.01627149760587776,-0.08742415124784475,0.9072505824170096,1.7857101994193874,0.006348648869507478,-0.04019613059664595
163,2645301,11,8,Man Utd,1,1.4417243135898472,1.593357213600838,0.184970989430377,1.6585945475690016,1.1948145460603474,Liverpool,A,26.955875,39.025875,34.018249999999995,1.601499067694557,1.2901494606949602,0.16495567768211017,-0.0043326572635838945,1.6349940334339244,1.297849582628097,0.027915906388605083,-0.046137375931596725
164,2645302,11,8,Fulham,54,0.9635773808317272,2.03749254835733,0.1346411106472603,1.7940720811226276,0.959892908247509,Man City,A,23.137875,59.627750000000006,17.234375,1.2766069138372054,1.398745680742384,0.062298040407306465,-0.05237507011923981,1.8658497232060616,1.0639108951970058,-0.011748005861057398,-0.06184885359403858
165,2645303,11,8,Arsenal,3,1.7100609290720823,1.00421151228643,0.3441404096438272,1.5962479124849236,1.4636171254772687,Newcastle,A,25.859125,19.532625,54.60825,1.627753129656376,0.7849706131538654,0.02307266018748888,-0.03973355104469517,1.44962204962587,1.4380446488543144,0.18224219511179007,0.08124330672704128
166,2645304,11,8,Ipswich Town,40,1.0335942661957742,1.7082501439687858,0.1396353302014377,1.2330821002514818,1.432025086844533,Spurs,A,25.743625,49.071875,25.1845,0.9180313960686024,1.847030213556749,-0.08677889536177891,-0.02141771477386778,1.1522676785118582,1.4218725618926122,0.05890746664349511,0.021443581368719378
167,2645304,11,8,Ipswich Town,40,1.0335942661957742,1.7082501439687858,0.1396353302014377,1.2330821002514818,1.432025086844533,Spurs,A,25.743625,49.071875,25.1845,0.9971311753394356,1.7830146340150823,-0.12380829848677893,-0.1711398697738682,1.1522676785118582,1.4218725618926122,0.05890746664349511,0.021443581368719378
