,Name,status,GW,position,photo,web_name,Is_captain
0,Ezri_Konsa Ngoyo,transferred_in,6,DEF,https://fantasy.premierleague.com/dist/img/shirts/standard/shirt_3-110.png,Konsa,False
1,Maxim_De Cuyper,transferred_out,6,DEF,https://fantasy.premierleague.com/dist/img/shirts/standard/shirt_36-110.png,De Cuyper,False
2,Bruno_Borges Fernandes,transferred_out,11,MID,https://fantasy.premierleague.com/dist/img/shirts/standard/shirt_1-110.png,B.Fernandes,False
3,Dominic_Calvert-Lewin,transferred_out,11,FWD,https://fantasy.premierleague.com/dist/img/shirts/standard/shirt_2-110.png,Calvert-Lewin,False
4,Gonzalo_García,transferred_out,11,FWD,https://fantasy.premierleague.com/dist/img/shirts/standard/shirt_54-110.png,Gonzalo,False
5,Igor_Thiago Nascimento Rodrigues,transferred_in,11,FWD,https://fantasy.premierleague.com/dist/img/shirts/standard/shirt_94-110.png,Thiago,False
6,Jack_Hinshelwood,transferred_in,11,MID,https://fantasy.premierleague.com/dist/img/shirts/standard/shirt_36-110.png,Hinshelwood,False
7,Jan_Paul van Hecke,transferred_in,11,DEF,https://fantasy.premierleague.com/dist/img/shirts/standard/shirt_6-110.png,Van Hecke,False
8,João_Pedro Junqueira de Jesus,transferred_in,11,FWD,https://fantasy.premierleague.com/dist/img/shirts/standard/shirt_8-110.png,João Pedro,False
9,Lukás_Hornícek,transferred_out,11,GKP,https://fantasy.premierleague.com/dist/img/shirts/standard/shirt_4-110.png,Horníček,False
10,Nico_O'Reilly,transferred_in,11,DEF,https://fantasy.premierleague.com/dist/img/shirts/standard/shirt_43-110.png,O'Reilly,False
11,Sven_Botman,transferred_out,11,DEF,https://fantasy.premierleague.com/dist/img/shirts/standard/shirt_4-110.png,Botman,False
12,Tarik_Muharemović,transferred_out,11,DEF,https://fantasy.premierleague.com/dist/img/shirts/standard/shirt_2-110.png,Muharemović,False
13,Zion_Suzuki,transferred_in,11,GKP,https://fantasy.premierleague.com/dist/img/shirts/standard/shirt_7-110.png,Suzuki,False
14,António_João Pereira de Albuquerque Tavares da Silva,playing,4,DEF,https://fantasy.premierleague.com/dist/img/shirts/standard/shirt_91-110.png,Silva,False
15,Bobby_Thomas,benched,4,DEF,https://fantasy.premierleague.com/dist/img/shirts/standard/shirt_9-110.png,Thomas,False
16,Bruno_Borges Fernandes,playing,4,MID,https://fantasy.premierleague.com/dist/img/shirts/standard/shirt_1-110.png,B.Fernandes,False
17,Cole_Palmer,playing,4,MID,https://fantasy.premierleague.com/dist/img/shirts/standard/shirt_8-110.png,Palmer,True
18,Diego_Gómez Amarilla,playing,4,MID,https://fantasy.premierleague.com/dist/img/shirts/standard/shirt_36-110.png,Gomez,False
19,Dominic_Calvert-Lewin,playing,4,FWD,https://fantasy.premierleague.com/dist/img/shirts/standard/shirt_2-110.png,Calvert-Lewin,False
20,Emiliano_Martínez Romero,playing,4,GKP,https://fantasy.premierleague.com/dist/img/shirts/standard/shirt_8-110.png,Martinez,False
21,Enzo_Le Fée,benched,4,MID,https://fantasy.premierleague.com/dist/img/shirts/standard/shirt_56-110.png,E.Le Fée,False
22,Erling_Haaland,playing,4,FWD,https://fantasy.premierleague.com/dist/img/shirts/standard/shirt_43-110.png,Haaland,False
23,Gonzalo_García,playing,4,FWD,https://fantasy.premierleague.com/dist/img/shirts/standard/shirt_54-110.png,Gonzalo,False
24,Lukás_Hornícek,benched,4,GKP,https://fantasy.premierleague.com/dist/img/shirts/standard/shirt_4-110.png,Horníček,False
25,Marcus_Tavernier,playing,4,MID,https://fantasy.premierleague.com/dist/img/shirts/standard/shirt_91-110.png,Tavernier,False
26,Maxim_De Cuyper,playing,4,DEF,https://fantasy.premierleague.com/dist/img/shirts/standard/shirt_36-110.png,De Cuyper,False
27,Sven_Botman,benched,4,DEF,https://fantasy.premierleague.com/dist/img/shirts/standard/shirt_4-110.png,Botman,False
28,Tarik_Muharemović,playing,4,DEF,https://fantasy.premierleague.com/dist/img/shirts/standard/shirt_2-110.png,Muharemović,False
29,António_João Pereira de Albuquerque Tavares da Silva,playing,5,DEF,https://fantasy.premierleague.com/dist/img/shirts/standard/shirt_91-110.png,Silva,False
30,Bobby_Thomas,benched,5,DEF,https://fantasy.premierleague.com/dist/img/shirts/standard/shirt_9-110.png,Thomas,False
31,Bruno_Borges Fernandes,playing,5,MID,https://fantasy.premierleague.com/dist/img/shirts/standard/shirt_1-110.png,B.Fernandes,False
32,Cole_Palmer,playing,5,MID,https://fantasy.premierleague.com/dist/img/shirts/standard/shirt_8-110.png,Palmer,False
33,Diego_Gómez Amarilla,benched,5,MID,https://fantasy.premierleague.com/dist/img/shirts/standard/shirt_36-110.png,Gomez,False
34,Dominic_Calvert-Lewin,playing,5,FWD,https://fantasy.premierleague.com/dist/img/shirts/standard/shirt_2-110.png,Calvert-Lewin,False
35,Emiliano_Martínez Romero,benched,5,GKP,https://fantasy.premierleague.com/dist/img/shirts/standard/shirt_8-110.png,Martinez,False
36,Enzo_Le Fée,playing,5,MID,https://fantasy.premierleague.com/dist/img/shirts/standard/shirt_56-110.png,E.Le Fée,False
37,Erling_Haaland,playing,5,FWD,https://fantasy.premierleague.com/dist/img/shirts/standard/shirt_43-110.png,Haaland,True
38,Gonzalo_García,playing,5,FWD,https://fantasy.premierleague.com/dist/img/shirts/standard/shirt_54-110.png,Gonzalo,False
39,Lukás_Hornícek,playing,5,GKP,https://fantasy.premierleague.com/dist/img/shirts/standard/shirt_4-110.png,Horníček,False
40,Marcus_Tavernier,playing,5,MID,https://fantasy.premierleague.com/dist/img/shirts/standard/shirt_91-110.png,Tavernier,False
41,Maxim_De Cuyper,benched,5,DEF,https://fantasy.premierleague.com/dist/img/shirts/standard/shirt_36-110.png,De Cuyper,False
42,Sven_Botman,playing,5,DEF,https://fantasy.premierleague.com/dist/img/shirts/standard/shirt_4-110.png,Botman,False
43,Tarik_Muharemović,playing,5,DEF,https://fantasy.premierleague.com/dist/img/shirts/standard/shirt_2-110.png,Muharemović,False
44,António_João Pereira de Albuquerque Tavares da Silva,benched,6,DEF,https://fantasy.premierleague.com/dist/img/shirts/standard/shirt_91-110.png,Silva,False
45,Bobby_Thomas,playing,6,DEF,https://fantasy.premierleague.com/dist/img/shirts/standard/shirt_9-110.png,Thomas,False
46,Bruno_Borges Fernandes,playing,6,MID,https://fantasy.premierleague.com/dist/img/shirts/standard/shirt_1-110.png,B.Fernandes,True
47,Cole_Palmer,playing,6,MID,https://fantasy.premierleague.com/dist/img/shirts/standard/shirt_8-110.png,Palmer,False
48,Diego_Gómez Amarilla,playing,6,MID,https://fantasy.premierleague.com/dist/img/shirts/standard/shirt_36-110.png,Gomez,False
49,Dominic_Calvert-Lewin,benched,6,FWD,https://fantasy.premierleague.com/dist/img/shirts/standard/shirt_2-110.png,Calvert-Lewin,False
50,Emiliano_Martínez Romero,benched,6,GKP,https://fantasy.premierleague.com/dist/img/shirts/standard/shirt_8-110.png,Martinez,False
51,Enzo_Le Fée,playing,6,MID,https://fantasy.premierleague.com/dist/img/shirts/standard/shirt_56-110.png,E.Le Fée,False
52,Erling_Haaland,playing,6,FWD,https://fantasy.premierleague.com/dist/img/shirts/standard/shirt_43-110.png,Haaland,False
53,Ezri_Konsa Ngoyo,playing,6,DEF,https://fantasy.premierleague.com/dist/img/shirts/standard/shirt_3-110.png,Konsa,False
54,Gonzalo_García,playing,6,FWD,https://fantasy.premierleague.com/dist/img/shirts/standard/shirt_54-110.png,Gonzalo,False
55,Lukás_Hornícek,playing,6,GKP,https://fantasy.premierleague.com/dist/img/shirts/standard/shirt_4-110.png,Horníček,False
56,Marcus_Tavernier,playing,6,MID,https://fantasy.premierleague.com/dist/img/shirts/standard/shirt_91-110.png,Tavernier,False
57,Sven_Botman,playing,6,DEF,https://fantasy.premierleague.com/dist/img/shirts/standard/shirt_4-110.png,Botman,False
58,Tarik_Muharemović,benched,6,DEF,https://fantasy.premierleague.com/dist/img/shirts/standard/shirt_2-110.png,Muharemović,False
59,António_João Pereira de Albuquerque Tavares da Silva,playing,7,DEF,https://fantasy.premierleague.com/dist/img/shirts/standard/shirt_91-110.png,Silva,False
60,Bobby_Thomas,playing,7,DEF,https://fantasy.premierleague.com/dist/img/shirts/standard/shirt_9-110.png,Thomas,False
61,Bruno_Borges Fernandes,playing,7,MID,https://fantasy.premierleague.com/dist/img/shirts/standard/shirt_1-110.png,B.Fernandes,False
62,Cole_Palmer,playing,7,MID,https://fantasy.premierleague.com/dist/img/shirts/standard/shirt_8-110.png,Palmer,False
63,Diego_Gómez Amarilla,playing,7,MID,https://fantasy.premierleague.com/dist/img/shirts/standard/shirt_36-110.png,Gomez,False
64,Dominic_Calvert-Lewin,playing,7,FWD,https://fantasy.premierleague.com/dist/img/shirts/standard/shirt_2-110.png,Calvert-Lewin,False
65,Emiliano_Martínez Romero,benched,7,GKP,https://fantasy.premierleague.com/dist/img/shirts/standard/shirt_8-110.png,Martinez,False
66,Enzo_Le Fée,benched,7,MID,https://fantasy.premierleague.com/dist/img/shirts/standard/shirt_56-110.png,E.Le Fée,False
67,Erling_Haaland,playing,7,FWD,https://fantasy.premierleague.com/dist/img/shirts/standard/shirt_43-110.png,Haaland,True
68,Ezri_Konsa Ngoyo,playing,7,DEF,https://fantasy.premierleague.com/dist/img/shirts/standard/shirt_3-110.png,Konsa,False
69,Gonzalo_García,playing,7,FWD,https://fantasy.premierleague.com/dist/img/shirts/standard/shirt_54-110.png,Gonzalo,False
70,Lukás_Hornícek,playing,7,GKP,https://fantasy.premierleague.com/dist/img/shirts/standard/shirt_4-110.png,Horníček,False
71,Marcus_Tavernier,playing,7,MID,https://fantasy.premierleague.com/dist/img/shirts/standard/shirt_91-110.png,Tavernier,False
72,Sven_Botman,benched,7,DEF,https://fantasy.premierleague.com/dist/img/shirts/standard/shirt_4-110.png,Botman,False
73,Tarik_Muharemović,benched,7,DEF,https://fantasy.premierleague.com/dist/img/shirts/standard/shirt_2-110.png,Muharemović,False
74,António_João Pereira de Albuquerque Tavares da Silva,benched,8,DEF,https://fantasy.premierleague.com/dist/img/shirts/standard/shirt_91-110.png,Silva,False
75,Bobby_Thomas,playing,8,DEF,https://fantasy.premierleague.com/dist/img/shirts/standard/shirt_9-110.png,Thomas,False
76,Bruno_Borges Fernandes,playing,8,MID,https://fantasy.premierleague.com/dist/img/shirts/standard/shirt_1-110.png,B.Fernandes,True
77,Cole_Palmer,playing,8,MID,https://fantasy.premierleague.com/dist/img/shirts/standard/shirt_8-110.png,Palmer,False
78,Diego_Gómez Amarilla,benched,8,MID,https://fantasy.premierleague.com/dist/img/shirts/standard/shirt_36-110.png,Gomez,False
79,Dominic_Calvert-Lewin,playing,8,FWD,https://fantasy.premierleague.com/dist/img/shirts/standard/shirt_2-110.png,Calvert-Lewin,False
80,Emiliano_Martínez Romero,playing,8,GKP,https://fantasy.premierleague.com/dist/img/shirts/standard/shirt_8-110.png,Martinez,False
81,Enzo_Le Fée,playing,8,MID,https://fantasy.premierleague.com/dist/img/shirts/standard/shirt_56-110.png,E.Le Fée,False
82,Erling_Haaland,playing,8,FWD,https://fantasy.premierleague.com/dist/img/shirts/standard/shirt_43-110.png,Haaland,False
83,Ezri_Konsa Ngoyo,playing,8,DEF,https://fantasy.premierleague.com/dist/img/shirts/standard/shirt_3-110.png,Konsa,False
84,Gonzalo_García,playing,8,FWD,https://fantasy.premierleague.com/dist/img/shirts/standard/shirt_54-110.png,Gonzalo,False
85,Lukás_Hornícek,benched,8,GKP,https://fantasy.premierleague.com/dist/img/shirts/standard/shirt_4-110.png,Horníček,False
86,Marcus_Tavernier,playing,8,MID,https://fantasy.premierleague.com/dist/img/shirts/standard/shirt_91-110.png,Tavernier,False
87,Sven_Botman,benched,8,DEF,https://fantasy.premierleague.com/dist/img/shirts/standard/shirt_4-110.png,Botman,False
88,Tarik_Muharemović,playing,8,DEF,https://fantasy.premierleague.com/dist/img/shirts/standard/shirt_2-110.png,Muharemović,False
89,António_João Pereira de Albuquerque Tavares da Silva,playing,9,DEF,https://fantasy.premierleague.com/dist/img/shirts/standard/shirt_91-110.png,Silva,False
90,Bobby_Thomas,playing,9,DEF,https://fantasy.premierleague.com/dist/img/shirts/standard/shirt_9-110.png,Thomas,False
91,Bruno_Borges Fernandes,playing,9,MID,https://fantasy.premierleague.com/dist/img/shirts/standard/shirt_1-110.png,B.Fernandes,False
92,Cole_Palmer,playing,9,MID,https://fantasy.premierleague.com/dist/img/shirts/standard/shirt_8-110.png,Palmer,False
93,Diego_Gómez Amarilla,benched,9,MID,https://fantasy.premierleague.com/dist/img/shirts/standard/shirt_36-110.png,Gomez,False
94,Dominic_Calvert-Lewin,playing,9,FWD,https://fantasy.premierleague.com/dist/img/shirts/standard/shirt_2-110.png,Calvert-Lewin,False
95,Emiliano_Martínez Romero,benched,9,GKP,https://fantasy.premierleague.com/dist/img/shirts/standard/shirt_8-110.png,Martinez,False
96,Enzo_Le Fée,playing,9,MID,https://fantasy.premierleague.com/dist/img/shirts/standard/shirt_56-110.png,E.Le Fée,False
97,Erling_Haaland,playing,9,FWD,https://fantasy.premierleague.com/dist/img/shirts/standard/shirt_43-110.png,Haaland,True
98,Ezri_Konsa Ngoyo,benched,9,DEF,https://fantasy.premierleague.com/dist/img/shirts/standard/shirt_3-110.png,Konsa,False
99,Gonzalo_García,playing,9,FWD,https://fantasy.premierleague.com/dist/img/shirts/standard/shirt_54-110.png,Gonzalo,False
100,Lukás_Hornícek,playing,9,GKP,https://fantasy.premierleague.com/dist/img/shirts/standard/shirt_4-110.png,Horníček,False
101,Marcus_Tavernier,playing,9,MID,https://fantasy.premierleague.com/dist/img/shirts/standard/shirt_91-110.png,Tavernier,False
102,Sven_Botman,playing,9,DEF,https://fantasy.premierleague.com/dist/img/shirts/standard/shirt_4-110.png,Botman,False
103,Tarik_Muharemović,benched,9,DEF,https://fantasy.premierleague.com/dist/img/shirts/standard/shirt_2-110.png,Muharemović,False
104,António_João Pereira de Albuquerque Tavares da Silva,playing,10,DEF,https://fantasy.premierleague.com/dist/img/shirts/standard/shirt_91-110.png,Silva,False
105,Bobby_Thomas,benched,10,DEF,https://fantasy.premierleague.com/dist/img/shirts/standard/shirt_9-110.png,Thomas,False
106,Bruno_Borges Fernandes,playing,10,MID,https://fantasy.premierleague.com/dist/img/shirts/standard/shirt_1-110.png,B.Fernandes,True
107,Cole_Palmer,playing,10,MID,https://fantasy.premierleague.com/dist/img/shirts/standard/shirt_8-110.png,Palmer,False
108,Diego_Gómez Amarilla,benched,10,MID,https://fantasy.premierleague.com/dist/img/shirts/standard/shirt_36-110.png,Gomez,False
109,Dominic_Calvert-Lewin,playing,10,FWD,https://fantasy.premierleague.com/dist/img/shirts/standard/shirt_2-110.png,Calvert-Lewin,False
110,Emiliano_Martínez Romero,playing,10,GKP,https://fantasy.premierleague.com/dist/img/shirts/standard/shirt_8-110.png,Martinez,False
111,Enzo_Le Fée,playing,10,MID,https://fantasy.premierleague.com/dist/img/shirts/standard/shirt_56-110.png,E.Le Fée,False
112,Erling_Haaland,playing,10,FWD,https://fantasy.premierleague.com/dist/img/shirts/standard/shirt_43-110.png,Haaland,False
113,Ezri_Konsa Ngoyo,playing,10,DEF,https://fantasy.premierleague.com/dist/img/shirts/standard/shirt_3-110.png,Konsa,False
114,Gonzalo_García,playing,10,FWD,https://fantasy.premierleague.com/dist/img/shirts/standard/shirt_54-110.png,Gonzalo,False
115,Lukás_Hornícek,benched,10,GKP,https://fantasy.premierleague.com/dist/img/shirts/standard/shirt_4-110.png,Horníček,False
116,Marcus_Tavernier,playing,10,MID,https://fantasy.premierleague.com/dist/img/shirts/standard/shirt_91-110.png,Tavernier,False
117,Sven_Botman,benched,10,DEF,https://fantasy.premierleague.com/dist/img/shirts/standard/shirt_4-110.png,Botman,False
118,Tarik_Muharemović,playing,10,DEF,https://fantasy.premierleague.com/dist/img/shirts/standard/shirt_2-110.png,Muharemović,False
119,António_João Pereira de Albuquerque Tavares da Silva,playing,11,DEF,https://fantasy.premierleague.com/dist/img/shirts/standard/shirt_91-110.png,Silva,False
120,Bobby_Thomas,benched,11,DEF,https://fantasy.premierleague.com/dist/img/shirts/standard/shirt_9-110.png,Thomas,False
121,Cole_Palmer,playing,11,MID,https://fantasy.premierleague.com/dist/img/shirts/standard/shirt_8-110.png,Palmer,False
122,Diego_Gómez Amarilla,benched,11,MID,https://fantasy.premierleague.com/dist/img/shirts/standard/shirt_36-110.png,Gomez,False
123,Emiliano_Martínez Romero,benched,11,GKP,https://fantasy.premierleague.com/dist/img/shirts/standard/shirt_8-110.png,Martinez,False
124,Enzo_Le Fée,playing,11,MID,https://fantasy.premierleague.com/dist/img/shirts/standard/shirt_56-110.png,E.Le Fée,False
125,Erling_Haaland,playing,11,FWD,https://fantasy.premierleague.com/dist/img/shirts/standard/shirt_43-110.png,Haaland,True
126,Ezri_Konsa Ngoyo,benched,11,DEF,https://fantasy.premierleague.com/dist/img/shirts/standard/shirt_3-110.png,Konsa,False
127,Igor_Thiago Nascimento Rodrigues,playing,11,FWD,https://fantasy.premierleague.com/dist/img/shirts/standard/shirt_94-110.png,Thiago,False
128,Jack_Hinshelwood,playing,11,MID,https://fantasy.premierleague.com/dist/img/shirts/standard/shirt_36-110.png,Hinshelwood,False
129,Jan_Paul van Hecke,playing,11,DEF,https://fantasy.premierleague.com/dist/img/shirts/standard/shirt_6-110.png,Van Hecke,False
130,João_Pedro Junqueira de Jesus,playing,11,FWD,https://fantasy.premierleague.com/dist/img/shirts/standard/shirt_8-110.png,João Pedro,False
131,Marcus_Tavernier,playing,11,MID,https://fantasy.premierleague.com/dist/img/shirts/standard/shirt_91-110.png,Tavernier,False
132,Nico_O'Reilly,playing,11,DEF,https://fantasy.premierleague.com/dist/img/shirts/standard/shirt_43-110.png,O'Reilly,False
133,Zion_Suzuki,playing,11,GKP,https://fantasy.premierleague.com/dist/img/shirts/standard/shirt_7-110.png,Suzuki,False
