,code,element_type,photo,team_code,team,opta_code,now_cost,selected_by_percent,expected_goals,web_name,news,name,chance_of_playing_this_round
0,154561,1,154561.jpg,3,1,p154561,55,18.1,0.00,Raya,,David_Raya Martin,
1,109745,1,109745.jpg,3,1,p109745,45,1.0,0.06,Arrizabalaga,,Kepa_Arrizabalaga,
2,463748,1,463748.jpg,3,1,p463748,40,0.6,0.00,Hein,,Karl_Hein,
3,551221,1,551221.jpg,3,1,p551221,40,0.2,0.00,Setford,,Tommy_Setford,
4,226597,2,226597.jpg,3,1,p226597,60,22.2,2.70,Gabriel,,Gabriel_dos Santos Magalhães,
5,462424,2,462424.jpg,3,1,p462424,60,14.0,2.42,Saliba,,William_Saliba,
6,466075,2,466075.jpg,3,1,p466075,55,0.6,0.86,Calafiori,,Riccardo_Calafiori,
7,445122,2,445122.jpg,3,1,p445122,55,2.2,1.23,J.Timber,,Jurriën_Timber,
8,440854,2,440854.jpg,3,1,p440854,55,0.1,0.17,Kiwior,,Jakub_Kiwior,
9,499169,2,499169.jpg,3,1,p499169,55,5.5,0.16,Lewis-Skelly,,Myles_Lewis-Skelly,
10,198869,2,198869.jpg,3,1,p198869,55,0.9,0.46,White,,Benjamin_White,
11,206325,2,206325.jpg,3,1,p206325,50,0.3,0.65,Zinchenko,,Oleksandr_Zinchenko,
12,563324,2,563324.jpg,3,1,p563324,40,0.6,0.00,Clarke,,Brayden_Clarke,
13,588793,2,588793.jpg,3,1,p588793,40,0.2,0.00,Kacurri,,Maldini_Kacurri,
14,499167,2,499167.jpg,3,1,p499167,40,0.2,0.00,Nichols,,Josh_Nichols,
15,223340,3,223340.jpg,3,1,p223340,100,15.3,6.87,Saka,,Bukayo_Saka,
16,184029,3,184029.jpg,3,1,p184029,80,3.3,4.85,Ødegaard,,Martin_Ødegaard,
17,248857,3,248857.jpg,3,1,p248857,70,1.6,9.62,Madueke,,Noni_Madueke,
18,444145,3,444145.jpg,3,1,p444145,70,1.4,7.13,Martinelli,,Gabriel_Martinelli Silva,
19,116216,3,116216.jpg,3,1,p116216,70,1.5,6.74,Trossard,,Leandro_Trossard,
20,204480,3,204480.jpg,3,1,p204480,65,7.4,3.51,Rice,,Declan_Rice,
21,195384,3,195384.jpg,3,1,p195384,60,0.9,5.75,Merino,,Mikel_Merino Zazón,
22,438098,3,438098.jpg,3,1,p438098,55,0.1,0.00,Fábio Vieira,,Fábio_Ferreira Vieira,
23,128295,3,128295.jpg,3,1,p128295,55,0.7,4.23,Nørgaard,,Christian_Nørgaard,
24,499175,3,499175.jpg,3,1,p499175,55,0.4,1.19,Nwaneri,,Ethan_Nwaneri,
25,481655,3,481655.jpg,3,1,p481655,55,1.6,0.00,Zubimendi,,Martín_Zubimendi Ibáñez,
26,200641,3,200641.jpg,3,1,p200641,50,0.2,1.07,Nelson,,Reiss_Nelson,
27,588796,3,588796.jpg,3,1,p588796,45,0.3,0.00,Kabia,,Ismeal_Kabia,
28,437742,3,437742.jpg,3,1,p437742,45,0.2,0.00,Sambi,,Albert_Sambi Lokonga,
29,219847,4,219847.jpg,3,1,p219847,75,1.4,9.53,Havertz,,Kai_Havertz,
30,205651,4,205651.jpg,3,1,p205651,65,0.0,3.05,G.Jesus,Knee injury - Unknown return date,Gabriel_Fernando de Jesus,
31,500040,2,500040.jpg,3,1,p500040,55,0.1,0.00,Mosquera,,Cristhian_Mosquera,
32,224117,4,224117.jpg,3,1,p224117,90,23.6,0.00,Gyökeres,,Viktor_Gyökeres,
33,98980,1,98980.jpg,7,2,p98980,50,0.5,0.00,Martinez,Suspended until 23 Aug,Emiliano_Martínez Romero,
34,72147,1,72147.jpg,7,2,p72147,45,0.3,0.00,M.Bizot,,Marco_Bizot,
35,462492,1,462492.jpg,7,2,p462492,40,1.1,0.00,Gauci,,Joe_Gauci,
36,462381,1,462381.jpg,7,2,p462381,40,0.1,0.00,Marschall,Has joined Stevenage permanently.,Filip_Marschall,
37,199796,2,199796.jpg,7,2,p199796,45,1.7,0.48,Cash,,Matty_Cash,
38,101188,2,101188.jpg,7,2,p101188,45,1.7,0.80,Digne,,Lucas_Digne,
39,199798,2,199798.jpg,7,2,p199798,45,23.4,1.29,Konsa,,Ezri_Konsa Ngoyo,
40,441302,2,441302.jpg,7,2,p441302,45,0.9,0.87,Maatsen,,Ian_Maatsen,
41,149484,2,149484.jpg,7,2,p149484,45,0.5,0.88,Mings,,Tyrone_Mings,
42,244954,2,244954.jpg,7,2,p244954,45,0.4,0.51,Pau,,Pau_Torres,
43,606798,2,606798.jpg,7,2,p606798,40,1.0,0.04,A.García,,Andrés_García,
44,106468,2,106468.jpg,7,2,p106468,40,11.4,0.17,Alex Moreno,,Álex_Moreno Lopera,
45,515597,2,515597.jpg,7,2,p515597,40,0.4,0.04,Bogarde,,Lamare_Bogarde,
46,514315,2,514315.jpg,7,2,p514315,40,0.3,0.00,Sousa,,Lino_da Cruz Sousa,
47,587178,2,587178.jpg,7,2,p587178,40,0.3,0.00,Yasin,,Yasin_Özcan,
48,244850,3,244850.jpg,7,2,p244850,70,24.3,6.49,Rogers,,Morgan_Rogers,
49,166989,3,166989.jpg,7,2,p166989,60,1.7,3.31,Tielemans,,Youri_Tielemans,
50,215711,3,215711.jpg,7,2,p215711,55,0.5,1.73,Bailey,,Leon_Bailey,
51,195546,3,195546.jpg,7,2,p195546,55,0.1,0.65,Buendía,,Emiliano_Buendía Stati,
52,469247,3,469247.jpg,7,2,p469247,55,0.0,0.00,Iling Jr,,Samuel_Iling-Junior,
53,232653,3,232653.jpg,7,2,p232653,55,0.6,1.59,J.Ramsey,,Jacob_Ramsey,
54,204646,3,204646.jpg,7,2,p204646,55,2.8,2.15,Malen,,Donyell_Malen,
55,122806,3,122806.jpg,7,2,p122806,55,0.6,3.10,McGinn,,John_McGinn,
56,88894,3,88894.jpg,7,2,p88894,50,0.3,1.79,Barkley,,Ross_Barkley,
57,491287,3,491287.jpg,7,2,p491287,50,0.0,0.00,Barrenechea,Season-long loan to Benfica,Enzo_Barrenechea,
58,461421,3,461421.jpg,7,2,p461421,50,0.1,0.00,Dobbin,,Lewis_Dobbin,
59,226944,3,226944.jpg,7,2,p226944,50,0.2,0.82,Kamara,,Boubacar_Kamara,
60,449871,3,449871.jpg,7,2,p449871,50,1.7,2.12,Onana,,Amadou_Onana,
61,577731,3,577731.jpg,7,2,p577731,45,0.3,0.00,Broggio,,Ben_Broggio,
62,151589,3,151589.jpg,7,2,p151589,45,0.4,0.00,Dendoncker,,Leander_Dendoncker,
63,559962,3,559962.jpg,7,2,p559962,45,0.1,0.00,Jimoh-Aloba,,Jamaldeen_Jimoh-Aloba,
64,537403,3,537403.jpg,7,2,p537403,45,0.6,0.00,Young,,Kadan_Young,
65,178301,4,178301.jpg,7,2,p178301,90,15.9,15.12,Watkins,,Ollie_Watkins,
66,576756,4,576756.jpg,7,2,p576756,45,0.9,0.00,Redmond,,Zépiqueno_Redmond,
67,518030,1,518030.jpg,90,3,p518030,45,0.2,0.00,Weiss,,Max_Weiß,
68,489571,1,489571.jpg,90,3,p489571,40,0.5,0.00,Green,,Etienne_Green,
69,51943,1,51943.jpg,90,3,p51943,40,0.4,0.00,Hladký,,Václav_Hladký,
70,192290,2,192290.jpg,90,3,p192290,45,0.1,0.00,Roberts,,Connor_Roberts,
71,58621,2,58621.jpg,90,3,p58621,45,2.2,0.12,Walker,,Kyle_Walker,
72,247245,2,247245.jpg,90,3,p247245,40,0.5,0.00,Delcroix,,Hannes_Delcroix,
73,461567,2,461567.jpg,90,3,p461567,40,0.3,0.00,Dodgson,,Owen_Dodgson,
74,478969,2,478969.jpg,90,3,p478969,40,0.3,0.00,Ekdal,,Hjalmar_Ekdal,
75,477717,2,477717.jpg,90,3,p477717,40,12.5,0.00,Estève,,Maxime_Estève,
76,494960,2,494960.jpg,90,3,p494960,40,0.4,0.00,Hartman,,Quilindschy_Hartman,
77,461188,2,461188.jpg,90,3,p461188,40,0.3,0.00,Humphreys,,Bashir_Humphreys,
78,241231,2,241231.jpg,90,3,p241231,40,0.2,0.00,Jordan,,Jordan_Beyer,
79,549329,2,549329.jpg,90,3,p549329,40,0.3,0.00,Lucas Pires,,Lucas_Pires Silva,
80,450072,2,450072.jpg,90,3,p450072,40,0.2,0.00,Sambo,,Shurandy_Sambo,
81,519895,2,519895.jpg,90,3,p519895,40,0.2,0.00,Sonne,,Oliver_Sonne,
82,180804,2,180804.jpg,90,3,p180804,40,3.5,0.21,Tuanzebe,,Axel_Tuanzebe,
83,208912,2,208912.jpg,90,3,p208912,40,0.2,0.00,Worrall,,Joe_Worrall,
84,444180,3,444180.jpg,90,3,p444180,55,0.1,0.00,Anthony,,Jaidon_Anthony,
85,183751,3,183751.jpg,90,3,p183751,55,0.0,0.00,Benson,,Manuel_Benson Hedilazio,
86,179458,3,179458.jpg,90,3,p179458,55,0.1,0.00,Bruun Larsen,,Jacob_Bruun Larsen,
87,578614,3,578614.jpg,90,3,p578614,50,0.1,0.00,Boateng,,Enock_Agyei,
88,250735,3,250735.jpg,90,3,p250735,50,0.1,0.00,Churlinov,,Darko_Churlinov,
89,172567,3,172567.jpg,90,3,p172567,50,0.1,0.00,Cullen,,Josh_Cullen,
90,174592,3,174592.jpg,90,3,p174592,50,0.2,0.00,Edwards,,Marcus_Edwards,
91,465527,3,465527.jpg,90,3,p465527,50,0.2,0.00,Hannibal,,Hannibal_Mejbri,
92,487702,3,487702.jpg,90,3,p487702,50,0.1,0.00,Koleosho,,Luca_Koleosho,
93,167887,3,167887.jpg,90,3,p167887,50,0.1,0.00,Laurent,,Josh_Laurent,
94,469272,3,469272.jpg,90,3,p469272,50,0.1,0.00,Tchaouna,,Loum_Tchaouna,
95,447715,3,447715.jpg,90,3,p447715,45,12.7,0.00,A.Ramsey,,Aaron_Ramsey,
96,576323,3,576323.jpg,90,3,p576323,45,0.1,0.00,Adewumi,,Oluwaseun_Adewumi,
97,551206,3,551206.jpg,90,3,p551206,45,0.0,0.00,Banel,,Jaydon_Banel,
98,437748,3,437748.jpg,90,3,p437748,45,0.1,0.00,Trésor,,Mike_Trésor Ndayishimiye,
99,431639,4,431639.jpg,90,3,p431639,55,0.2,0.00,Flemming,,Zian_Flemming,
100,492831,4,492831.jpg,90,3,p492831,50,0.4,0.00,Amdouni,,Zeki_Amdouni,
101,435973,4,435973.jpg,90,3,p435973,50,0.4,0.00,Foster,,Lyle_Foster,
102,44699,4,44699.jpg,90,3,p44699,45,4.9,0.00,Barnes,,Ashley_Barnes,
103,220598,4,220598.jpg,90,3,p220598,45,0.7,0.00,Obafemi,,Michael_Obafemi,
104,67089,1,67089.jpg,90,3,p67089,40,16.5,0.00,Dúbravka,,Martin_Dúbravka,
105,503714,3,503714.jpg,90,3,p503714,50,0.0,0.00,Ugochukwu,,Lesley_Ugochukwu,
106,69752,1,69752.jpg,91,4,p69752,45,1.2,0.00,Neto,,Norberto_Murara Neto,
107,457569,1,457569.jpg,91,4,p457569,45,4.4,0.00,Petrović,,Đorđe_Petrović,
108,444172,1,444172.jpg,91,4,p444172,40,0.7,0.00,Dennis,,Will_Dennis,
109,568791,1,568791.jpg,91,4,p568791,40,0.2,0.00,McKenna,,Callan_McKenna,
110,495145,1,495145.jpg,91,4,p495145,40,0.2,0.00,Paulsen,,Alex_Paulsen,
111,477580,2,477580.jpg,91,4,p477580,50,0.5,1.20,Zabarnyi,,Illia_Zabarnyi,
112,221466,2,221466.jpg,91,4,p221466,45,0.7,0.84,Senesi,,Marcos_Senesi,
113,54469,2,54469.jpg,91,4,p54469,45,0.2,0.65,Smith,,Adam_Smith,
114,494521,2,494521.jpg,91,4,p494521,45,1.3,0.00,Truffert,,Adrien_Truffert,
115,541462,2,541462.jpg,91,4,p541462,40,0.4,0.00,Akinmboni,,Matai_Akinmboni,
116,518906,2,518906.jpg,91,4,p518906,40,0.3,0.00,Bevan,,Owen_Bevan,
117,463981,2,463981.jpg,91,4,p463981,40,0.7,0.29,Hill,,James_Hill,
118,436893,2,436893.jpg,91,4,p436893,40,1.3,0.00,J.Araujo,,Julián_Araujo Zúñiga,
119,223911,2,223911.jpg,91,4,p223911,40,0.3,0.00,Mepham,,Chris_Mepham,
120,575901,2,575901.jpg,91,4,p575901,40,0.3,0.00,Soler,,Julio_Soler Barreto,
121,222683,3,222683.jpg,91,4,p222683,70,4.8,10.05,Kluivert,,Justin_Kluivert,
122,437730,3,437730.jpg,91,4,p437730,70,5.1,9.51,Semenyo,,Antoine_Semenyo,
123,533463,3,533463.jpg,91,4,p533463,60,0.3,8.42,O.Dango,,Dango_Ouattara,
124,201658,3,201658.jpg,91,4,p201658,55,0.4,5.51,Tavernier,,Marcus_Tavernier,
125,200785,3,200785.jpg,91,4,p200785,50,0.2,1.33,Adams,,Tyler_Adams,
126,111317,3,111317.jpg,91,4,p111317,50,0.2,2.58,Brooks,,David_Brooks,
127,158499,3,158499.jpg,91,4,p158499,50,0.5,2.14,Christie,,Ryan_Christie,
128,155408,3,155408.jpg,91,4,p155408,50,0.0,0.94,Cook,Suspended until 30 Aug,Lewis_Cook,
129,168991,3,168991.jpg,91,4,p168991,50,0.1,0.55,Philip,,Philip_Billing,
130,503139,3,503139.jpg,91,4,p503139,50,0.1,0.73,Scott,,Alex_Scott,
131,224995,3,224995.jpg,91,4,p224995,50,0.2,1.18,Sinisterra,,Luis_Sinisterra Lucumí,
132,441240,3,441240.jpg,91,4,p441240,45,0.3,0.00,Faivre,,Romain_Faivre,
133,424044,3,424044.jpg,91,4,p424044,45,0.3,0.00,H.Traorè,,Hamed_Traorè,
134,550596,3,550596.jpg,91,4,p550596,45,0.1,0.00,Sadi,,Dominic_Sadi,
135,530121,3,530121.jpg,91,4,p530121,45,0.3,0.00,Silcott-Duberry,,Zain_Silcott-Duberry,
136,606775,3,606775.jpg,91,4,p606775,45,0.1,0.00,Winterburn,,Ben_Winterburn,
137,444102,4,444102.jpg,91,4,p444102,70,2.5,12.47,Evanilson,,Francisco_Evanilson de Lima Barbosa,
138,168636,4,168636.jpg,91,4,p168636,55,0.0,2.73,Enes Ünal,Knee injury - Unknown return date,Enes_Ünal,
139,590760,4,590760.jpg,91,4,p590760,45,0.4,0.00,Adu-Adjei,,Daniel_Adu-Adjei,
140,560262,4,560262.jpg,91,4,p560262,45,1.4,0.00,Kroupi.Jr,,Eli_Junior Kroupi,
141,200720,1,200720.jpg,94,5,p200720,45,31.8,0.00,Kelleher,,Caoimhín_Kelleher,
142,235448,1,235448.jpg,94,5,p235448,40,0.3,0.00,Balcombe,,Ellery_Balcombe,
143,503300,1,503300.jpg,94,5,p503300,40,0.2,0.00,Cox,,Matthew_Cox,
144,535017,1,535017.jpg,94,5,p535017,40,0.1,0.00,Eyestone,,Julian_Eyestone,
145,507433,1,507433.jpg,94,5,p507433,40,1.9,0.00,Valdimarsson,,Hákon_Rafn Valdimarsson,
146,432830,2,432830.jpg,94,5,p432830,50,1.7,2.44,Collins,,Nathan_Collins,
147,249231,2,249231.jpg,94,5,p249231,50,0.5,2.96,Lewis-Potter,,Keane_Lewis-Potter,
148,191866,2,191866.jpg,94,5,p191866,45,0.2,0.97,Ajer,,Kristoffer_Ajer,
149,194010,2,194010.jpg,94,5,p194010,45,0.2,0.00,Henry,,Rico_Henry,
150,607464,2,607464.jpg,94,5,p607464,45,0.3,0.19,Kayode,,Michael_Kayode,
151,231065,2,231065.jpg,94,5,p231065,45,0.3,1.08,Pinnock,,Ethan_Pinnock,
152,226956,2,226956.jpg,94,5,p226956,45,0.1,0.20,Roerslev,,Mads_Roerslev Rasmussen,
153,444765,2,444765.jpg,94,5,p444765,45,0.4,2.09,Van den Berg,,Sepp_van den Berg,
154,622536,2,622536.jpg,94,5,p622536,40,0.4,0.00,Arthur,,Benjamin_Arthur,
155,612534,2,612534.jpg,94,5,p612534,40,0.2,0.00,Fredrick,,Benjamin_Fredrick,
156,472713,2,472713.jpg,94,5,p472713,40,0.8,0.00,Hickey,,Aaron_Hickey,
157,570241,2,570241.jpg,94,5,p570241,40,0.2,0.00,Ji-soo,,Kim_Ji-soo,
158,499717,2,499717.jpg,94,5,p499717,40,0.2,0.00,Meghoma,,Jayden_Meghoma,
159,513418,3,513418.jpg,94,5,p513418,70,1.9,8.45,Schade,,Kevin_Schade,
160,440089,3,440089.jpg,94,5,p440089,60,1.2,2.91,Damsgaard,,Mikkel_Damsgaard,
161,543295,3,543295.jpg,94,5,p543295,55,0.1,0.00,Milambo,,Antoni_Milambo,
162,244858,3,244858.jpg,94,5,p244858,50,0.3,2.49,Carvalho,,Fábio_Freitas Gouveia Carvalho,
163,56979,3,56979.jpg,94,5,p56979,50,0.4,0.00,Henderson,,Jordan_Henderson,
164,204580,3,204580.jpg,94,5,p204580,50,0.2,0.83,Janelt,,Vitaly_Janelt,
165,207283,3,207283.jpg,94,5,p207283,50,0.1,0.23,Jensen,,Mathias_Jensen,
166,626464,3,626464.jpg,94,5,p626464,50,0.1,0.00,Nunes,,Gustavo_Nunes Fernandes Gomes,
167,428580,3,428580.jpg,94,5,p428580,50,0.1,0.00,Onyeka,,Frank_Onyeka,
168,508395,3,508395.jpg,94,5,p508395,50,0.1,0.62,Yarmoliuk,,Yehor_Yarmoliuk,
169,606689,3,606689.jpg,94,5,p606689,45,0.1,0.00,Donovan,,Romelle_Donovan,
170,628204,3,628204.jpg,94,5,p628204,45,0.2,0.15,Konak,,Yunus_Emre Konak,
171,220695,3,220695.jpg,94,5,p220695,45,0.1,0.12,Maghoma,,Paris_Maghoma,
172,450539,3,450539.jpg,94,5,p450539,45,0.0,0.00,Peart-Harris,,Myles_Peart-Harris,
173,591357,3,591357.jpg,94,5,p591357,45,0.1,0.00,Trevitt,,Ryan_Trevitt,
174,216646,4,216646.jpg,94,5,p216646,75,7.0,18.58,Wissa,,Yoane_Wissa,
175,502500,4,502500.jpg,94,5,p502500,60,1.0,0.13,Thiago,,Igor_Thiago Nascimento Rodrigues,
176,533710,4,533710.jpg,94,5,p533710,45,0.6,0.00,Morgan,,Iwan_Morgan,
177,49262,1,49262.jpg,36,6,p49262,45,0.4,0.00,Steele,,Jason_Steele,
178,489639,1,489639.jpg,36,6,p489639,45,6.9,0.00,Verbruggen,,Bart_Verbruggen,
179,209288,1,209288.jpg,36,6,p209288,40,0.3,0.00,McGill,,Tom_McGill,
180,472739,1,472739.jpg,36,6,p472739,40,0.0,0.00,Rushworth,Has joined Coventry City on loan for the rest of the season.,Carl_Rushworth,
181,240514,1,240514.jpg,36,6,p240514,40,0.0,0.00,Scherpen,Has joined Union SG permanently,Kjell_Scherpen,
182,204120,2,204120.jpg,36,6,p204120,45,0.2,0.00,Boscagli,,Olivier_Boscagli,
183,550090,2,550090.jpg,36,6,p550090,45,0.1,0.00,Coppola,,Diego_Coppola,
184,465730,2,465730.jpg,36,6,p465730,45,7.8,0.00,De Cuyper,,Maxim_De Cuyper,
185,83299,2,83299.jpg,36,6,p83299,45,1.0,0.81,Dunk,,Lewis_Dunk,
186,204214,2,204214.jpg,36,6,p204214,45,0.2,1.09,Estupiñan,Has joined AC Milan permanently,Pervis_Estupiñán Tenorio,
187,231416,2,231416.jpg,36,6,p231416,45,0.3,0.44,F.Kadıoğlu,,Ferdi_Kadıoğlu,
188,223434,2,223434.jpg,36,6,p223434,45,0.1,0.05,Igor,,Igor_Julio dos Santos de Paulo,
189,232792,2,232792.jpg,36,6,p232792,45,0.4,0.38,Lamptey,,Tariq_Lamptey,
190,469142,2,469142.jpg,36,6,p469142,45,1.2,1.32,Van Hecke,,Jan_Paul van Hecke,
191,111478,2,111478.jpg,36,6,p111478,45,0.3,0.47,Veltman,,Joël_Veltman,
192,110735,2,110735.jpg,36,6,p110735,45,0.1,0.25,Webster,,Adam_Webster,
193,439135,2,439135.jpg,36,6,p439135,40,0.1,0.00,Cashin,Has joined Birmingham on loan for the rest of the season.,Eiran_Cashin,
194,589100,2,589100.jpg,36,6,p589100,40,0.2,0.00,Slater,,Jacob_Slater,
195,547720,2,547720.jpg,36,6,p547720,40,0.2,0.00,Tasker,,Charlie_Tasker,
196,451340,3,451340.jpg,36,6,p451340,65,5.9,9.19,Mitoma,,Mitoma_Kaoru,
197,463067,3,463067.jpg,36,6,p463067,60,0.4,4.57,Georginio,,Georginio_Rutter,
198,109345,3,109345.jpg,36,6,p109345,60,0.1,0.09,March,,Solly_March,
199,592031,3,592031.jpg,36,6,p592031,60,1.2,4.13,Minteh,,Yankuba_Minteh,
200,474120,3,474120.jpg,36,6,p474120,55,0.2,2.82,Enciso,,Julio_Enciso Espínola,
201,513433,3,513433.jpg,36,6,p513433,55,0.1,1.15,Gruda,,Brajan_Gruda,
202,532529,3,532529.jpg,36,6,p532529,55,0.2,2.74,Hinshelwood,,Jack_Hinshelwood,
203,219249,3,219249.jpg,36,6,p219249,55,0.2,2.76,O'Riley,,Matt_O'Riley,
204,516211,3,516211.jpg,36,6,p516211,55,0.0,0.00,Sima,,Abdallah_Sima,
205,509416,3,509416.jpg,36,6,p509416,50,0.3,2.51,Ayari,,Yasin_Ayari,
206,535301,3,535301.jpg,36,6,p535301,50,4.7,3.10,Baleba,,Carlos_Baleba,
207,536916,3,536916.jpg,36,6,p536916,50,0.3,4.01,Buonanotte,,Facundo_Buonanotte,
208,514254,3,514254.jpg,36,6,p514254,50,0.1,0.82,Gomez,,Diego_Gómez Amarilla,
209,15157,3,15157.jpg,36,6,p15157,50,0.1,0.16,Milner,,James_Milner,
210,441192,3,441192.jpg,36,6,p441192,50,0.1,0.00,Sarmiento,,Jeremy_Sarmiento Morante,
211,549074,3,549074.jpg,36,6,p549074,50,0.1,0.00,Watson,,Tom_Watson,
212,467779,3,467779.jpg,36,6,p467779,50,0.1,0.80,Wieffer,,Mats_Wieffer,
213,611695,3,611695.jpg,36,6,p611695,50,0.1,0.00,Yalcouye,,Malick_Yalcouyé,
214,567121,3,567121.jpg,36,6,p567121,45,0.1,0.00,Knight,,Joe_Knight,
215,550141,3,550141.jpg,36,6,p550141,45,0.1,0.00,Mazilu,,Adrian_Mazilu,
216,513834,3,513834.jpg,36,6,p513834,45,0.1,0.00,Moran,,Andrew_Moran,
217,50175,4,50175.jpg,36,6,p50175,65,7.8,9.58,Welbeck,,Danny_Welbeck,
218,487117,4,487117.jpg,36,6,p487117,55,0.1,1.13,Ferguson,Has joined AS Roma on loan for the rest of the season,Evan_Ferguson,
219,608181,4,608181.jpg,36,6,p608181,55,0.1,0.00,Tzimas,,Stefanos_Tzimas,
220,647850,4,647850.jpg,36,6,p647850,50,0.6,0.00,Kostoulas,,Charalampos_Kostoulas,
221,215059,1,215059.jpg,8,7,p215059,50,15.4,0.00,Sánchez,,Robert_Sánchez,
222,508479,1,508479.jpg,8,7,p508479,45,0.2,0.00,Jörgensen,,Filip_Jörgensen,
223,549939,1,549939.jpg,8,7,p549939,40,0.0,0.00,Penders,Has joined RC Strasbourg on loan for the rest of the season.,Mike_Penders,
224,471798,1,471798.jpg,8,7,p471798,40,0.1,0.00,Slonina,,Gabriel_Słonina,
225,179268,2,179268.jpg,8,7,p179268,60,18.9,2.79,Cucurella,,Marc_Cucurella Saseta,
226,225796,2,225796.jpg,8,7,p225796,55,4.5,0.45,James,,Reece_James,
227,180736,2,180736.jpg,8,7,p180736,50,0.7,1.98,Chalobah,,Trevoh_Chalobah,
228,460028,2,460028.jpg,8,7,p460028,50,5.3,1.92,Colwill,,Levi_Colwill,
229,482609,2,482609.jpg,8,7,p482609,50,2.1,1.44,Gusto,,Malo_Gusto,
230,242880,2,242880.jpg,8,7,p242880,45,0.1,0.00,B.Badiashile,,Benoît_Badiashile Mukinayi,
231,444463,2,444463.jpg,8,7,p444463,45,0.3,0.44,Fofana,,Wesley_Fofana,
232,574458,2,574458.jpg,8,7,p574458,45,0.1,0.00,M.Sarr,,Mamadou_Sarr,
233,109646,2,109646.jpg,8,7,p109646,45,0.3,0.93,Tosin,,Tosin_Adarabioyo,
234,577016,2,577016.jpg,8,7,p577016,40,0.3,0.22,Acheampong,,Josh_Acheampong,
235,622758,2,622758.jpg,8,7,p622758,40,0.2,0.00,Anselmino,,Aarón_Anselmino,
236,244851,3,244851.jpg,8,7,p244851,105,53.5,16.79,Palmer,,Cole_Palmer,
237,247632,3,247632.jpg,8,7,p247632,70,4.3,3.48,Neto,,Pedro_Lomba Neto,
238,448047,3,448047.jpg,8,7,p448047,65,4.1,6.23,Enzo,,Enzo_Fernández,
239,624773,3,624773.jpg,8,7,p624773,65,0.5,0.00,Estêvão,,Estêvão_Almeida de Oliveira Gonçalves,
240,463936,3,463936.jpg,8,7,p463936,65,0.3,0.00,Gittens,,Jamie_Bynoe-Gittens,
241,213198,3,213198.jpg,8,7,p213198,60,0.2,5.11,Nkunku,,Christopher_Nkunku,
242,486672,3,486672.jpg,8,7,p486672,55,7.1,0.81,Caicedo,,Moisés_Caicedo Corozo,
243,550615,3,550615.jpg,8,7,p550615,50,0.1,0.20,George,,Tyrique_George,
244,514356,3,514356.jpg,8,7,p514356,50,0.1,0.25,Lavia,,Roméo_Lavia,
245,465920,3,465920.jpg,8,7,p465920,50,0.0,0.24,Mudryk,Suspended - unknown return date,Mykhailo_Mudryk,
246,532605,3,532605.jpg,8,7,p532605,45,0.4,0.00,Andrey Santos,,Andrey_Nascimento dos Santos,
247,491007,3,491007.jpg,8,7,p491007,45,0.1,0.00,D.Essugo,,Dário_Luís Essugo,
248,611134,3,611134.jpg,8,7,p611134,45,0.1,0.00,Paez,,Kendry_Páez Andrade,
249,475168,4,475168.jpg,8,7,p475168,75,52.0,8.96,João Pedro,,João_Pedro Junqueira de Jesus,
250,463034,4,463034.jpg,8,7,p463034,65,4.6,9.44,Delap,,Liam_Delap,
251,517052,4,517052.jpg,8,7,p517052,65,0.1,11.68,N.Jackson,Suspended until 22 Aug,Nicolas_Jackson,
252,551210,2,551210.jpg,8,7,p551210,50,0.1,0.00,Hato,,Jorrel_Hato,
253,172649,1,172649.jpg,31,8,p172649,50,3.5,0.01,Henderson,,Dean_Henderson,
254,121709,1,121709.jpg,31,8,p121709,40,0.4,0.00,Benitez,,Walter_Benítez,
255,169593,1,169593.jpg,31,8,p169593,40,0.1,0.00,Matthews,,Remi_Matthews,
256,247348,2,247348.jpg,31,8,p247348,55,8.5,4.92,Muñoz,,Daniel_Muñoz,
257,437499,2,437499.jpg,31,8,p437499,50,1.0,3.50,Lacroix,,Maxence_Lacroix,
258,244723,2,244723.jpg,31,8,p244723,50,1.0,1.31,Mitchell,,Tyrick_Mitchell,
259,218364,2,218364.jpg,31,8,p218364,50,0.1,0.00,Sosa,,Borna_Sosa,
260,209036,2,209036.jpg,31,8,p209036,45,13.2,1.87,Guéhi,,Marc_Guéhi,
261,427623,2,427623.jpg,31,8,p427623,45,0.9,1.33,Richards,,Chris_Richards,
262,515621,2,515621.jpg,31,8,p515621,40,0.0,0.00,Chadi Riad,Knee injury - Unknown return date,Chadi_Riad Dnanou,
263,57328,2,57328.jpg,31,8,p57328,40,0.7,0.02,Clyne,,Nathaniel_Clyne,
264,156074,2,156074.jpg,31,8,p156074,40,0.3,0.00,Holding,,Rob_Holding,
265,590012,2,590012.jpg,31,8,p590012,40,0.2,0.00,Kporha,,Caleb_Kporha,
266,232413,3,232413.jpg,31,8,p232413,75,9.2,10.39,Eze,,Eberechi_Eze,
267,232185,3,232185.jpg,31,8,p232185,65,2.3,10.82,Sarr,,Ismaïla_Sarr,
268,438464,3,438464.jpg,31,8,p438464,50,0.0,0.40,Doucouré,Knee injury - Unknown return date,Cheick_Doucouré,
269,606921,3,606921.jpg,31,8,p606921,50,0.3,0.32,Esse,,Romain_Esse,
270,108413,3,108413.jpg,31,8,p108413,50,0.1,1.09,Hughes,,Will_Hughes,
271,209400,3,209400.jpg,31,8,p209400,50,0.1,1.12,Kamada,,Daichi_Kamada,
272,152551,3,152551.jpg,31,8,p152551,50,0.1,1.07,Lerma,,Jefferson_Lerma Solís,
273,496221,3,496221.jpg,31,8,p496221,50,0.5,0.38,Wharton,,Adam_Wharton,
274,579075,3,579075.jpg,31,8,p579075,45,0.1,0.02,Agbinone,,Asher_Agbinone,
275,466117,3,466117.jpg,31,8,p466117,45,0.1,0.00,Ahamada,,Naouirou_Ahamada,
276,489706,3,489706.jpg,31,8,p489706,45,1.7,0.77,Devenny,,Justin_Devenny,
277,450535,3,450535.jpg,31,8,p450535,45,0.1,0.00,Ebiowei,,Malcolm_Ebiowei,
278,450542,3,450542.jpg,31,8,p450542,45,0.1,0.00,J.Rak-Sakyi,,Jesurun_Rak-Sakyi,
279,536694,3,536694.jpg,31,8,p536694,45,0.1,0.28,M.França,,Matheus_França de Oliveira,
280,531989,3,531989.jpg,31,8,p531989,45,0.0,0.00,Ozoh,Has joined Derby County on loan for the rest of the season.,David_Ozoh,
281,530318,3,530318.jpg,31,8,p530318,45,0.0,0.00,Rodney,,Kaden_Rodney,
282,574398,3,574398.jpg,31,8,p574398,45,0.0,0.00,Umeh,,Franco_Umeh-Chibueze,
283,231747,4,231747.jpg,31,8,p231747,75,6.3,13.77,Mateta,,Jean-Philippe_Mateta,
284,205533,4,205533.jpg,31,8,p205533,55,1.6,5.94,Nketiah,,Eddie_Nketiah,
285,199670,4,199670.jpg,31,8,p199670,50,1.1,0.39,Édouard,,Odsonne_Édouard,
286,576980,4,576980.jpg,31,8,p576980,45,0.3,0.00,Marsh,,Zach_Marsh,
287,215413,3,215413.jpg,11,9,p215413,50,0.7,0.22,Dewsbury-Hall,,Kiernan_Dewsbury-Hall,
288,111234,1,111234.jpg,11,9,p111234,55,12.2,0.00,Pickford,,Jordan_Pickford,
289,229600,1,229600.jpg,11,9,p229600,45,0.2,0.00,Travers,,Mark_Travers,
290,447325,1,447325.jpg,11,9,p447325,40,0.2,0.00,Tyrer,,Harry_Tyrer,
291,480455,2,480455.jpg,11,9,p480455,55,1.9,1.20,Branthwaite,,Jarrad_Branthwaite,
292,17761,2,17761.jpg,11,9,p17761,55,5.0,1.32,Tarkowski,,James_Tarkowski,
293,224967,2,224967.jpg,11,9,p224967,50,4.5,0.48,Mykolenko,,Vitalii_Mykolenko,
294,512462,2,512462.jpg,11,9,p512462,50,0.4,0.77,O'Brien,,Jake_O'Brien,
295,59949,2,59949.jpg,11,9,p59949,45,0.1,0.62,Coleman,,Séamus_Coleman,
296,106611,2,106611.jpg,11,9,p106611,45,0.3,0.61,Keane,,Michael_Keane,
297,243571,2,243571.jpg,11,9,p243571,45,0.2,0.07,Patterson,,Nathan_Patterson,
298,496178,2,496178.jpg,11,9,p496178,40,0.3,0.00,Dixon,,Roman_Dixon,
299,474907,2,474907.jpg,11,9,p474907,40,0.2,0.00,Welch,,Reece_Welch,
300,440993,3,440993.jpg,11,9,p440993,65,12.5,6.23,Ndiaye,,Iliman_Ndiaye,
301,433154,3,433154.jpg,11,9,p433154,60,0.8,1.05,McNeil,,Dwight_McNeil,
302,502697,3,502697.jpg,11,9,p502697,55,0.3,1.78,Alcaraz,,Carlos_Alcaraz Durán,
303,80801,3,80801.jpg,11,9,p80801,55,0.1,1.15,Gana,,Idrissa_Gueye,
304,232928,3,232928.jpg,11,9,p232928,50,0.1,0.67,Garner,,James_Garner,
305,490094,3,490094.jpg,11,9,p490094,50,0.1,0.23,Iroegbunam,,Tim_Iroegbunam,
306,609873,3,609873.jpg,11,9,p609873,45,0.4,0.37,Armstrong,,Harrison_Armstrong,
307,547801,3,547801.jpg,11,9,p547801,45,0.1,0.00,Bates,,Callum_Bates,
308,504296,3,504296.jpg,11,9,p504296,45,0.0,0.00,Ebere,,Coby_Ebere,
309,496279,3,496279.jpg,11,9,p496279,45,0.0,0.00,Heath,,Isaac_Heath,
310,491557,3,491557.jpg,11,9,p491557,45,0.0,0.00,Metcalfe,Has joined Bradford City permanently.,Jenson_Metcalfe,
311,586309,4,586309.jpg,11,9,p586309,60,1.1,0.00,Barry,,Thierno_Barry,
312,486385,4,486385.jpg,11,9,p486385,55,13.8,7.89,Beto,,Norberto_Bercique Gomes Betuncal,
313,491012,4,491012.jpg,11,9,p491012,50,0.2,0.11,Y.Chermiti,,Youssef_Ramalho Chermiti,
314,536241,4,536241.jpg,11,9,p536241,45,0.3,0.00,Sherif,,Martin_Sherif,
315,499300,2,499300.jpg,11,9,p499300,45,0.1,0.00,Aznou,,Adam_Aznou,
316,80201,1,80201.jpg,54,10,p80201,50,1.7,0.00,Leno,,Bernd_Leno,
317,428971,1,428971.jpg,54,10,p428971,40,0.1,0.00,Benda,Has joined Millwall on loan for the rest of the season.,Steven_Benda,
318,169528,2,169528.jpg,54,10,p169528,50,6.4,0.70,Robinson,,Antonee_Robinson,
319,174874,2,174874.jpg,54,10,p174874,45,1.3,1.04,Andersen,,Joachim_Andersen,
320,232892,2,232892.jpg,54,10,p232892,45,0.4,1.02,Bassey,,Calvin_Bassey,
321,166477,2,166477.jpg,54,10,p166477,45,0.2,0.38,Castagne,,Timothy_Castagne,
322,219924,2,219924.jpg,54,10,p219924,45,0.1,0.51,Diop,,Issa_Diop,
323,246301,2,246301.jpg,54,10,p246301,45,0.1,0.02,J.Cuenca,,Jorge_Cuenca Barreno,
324,167074,2,167074.jpg,54,10,p167074,45,0.2,1.37,Tete,,Kenny_Tete,
325,591385,2,591385.jpg,54,10,p591385,40,0.2,0.00,Amissah,,Samuel_Amissah,
326,153133,3,153133.jpg,54,10,p153133,65,1.5,4.33,Iwobi,,Alex_Iwobi,
327,209289,3,209289.jpg,54,10,p209289,60,1.2,4.45,Smith Rowe,,Emile_Smith Rowe,
328,159533,3,159533.jpg,54,10,p159533,55,0.4,4.11,Adama,,Adama_Traoré Diarra,
329,156689,3,156689.jpg,54,10,p156689,55,0.5,4.24,Andreas,,Andreas_Hoelgebaum Pereira,
330,184349,3,184349.jpg,54,10,p184349,55,0.2,1.64,Sessegnon,,Ryan_Sessegnon,
331,153682,3,153682.jpg,54,10,p153682,55,1.4,4.19,Wilson,,Harry_Wilson,
332,207189,3,207189.jpg,54,10,p207189,50,0.1,0.45,Berge,,Sander_Berge,
333,76357,3,76357.jpg,54,10,p76357,50,0.1,0.73,Cairney,,Tom_Cairney,
334,212314,3,212314.jpg,54,10,p212314,50,0.1,1.16,Lukić,,Saša_Lukić,
335,573062,3,573062.jpg,54,10,p573062,45,0.1,0.00,Godo,,Martial_Godo,
336,515024,3,515024.jpg,54,10,p515024,45,0.0,0.00,Harris,Has joined Oxford United on loan for the rest of the season.,Luke_Harris,
337,577725,3,577725.jpg,54,10,p577725,45,0.3,0.28,King,,Josh_King,
338,153366,3,153366.jpg,54,10,p153366,45,0.3,0.23,Reed,,Harrison_Reed,
339,102057,4,102057.jpg,54,10,p102057,65,2.4,11.97,Raúl,,Raúl_Jiménez,
340,244042,4,244042.jpg,54,10,p244042,55,2.5,5.91,Muniz,,Rodrigo_Muniz Carvalho,
341,86873,1,86873.jpg,54,10,p86873,40,1.1,0.00,Lecomte,,Benjamin_Lecomte,
342,437495,1,437495.jpg,2,11,p437495,45,1.1,0.00,Meslier,,Illan_Meslier,
343,97846,1,97846.jpg,2,11,p97846,40,0.3,0.00,Cairns,,Alex_Cairns,
344,59735,1,59735.jpg,2,11,p59735,40,6.7,0.00,Darlow,,Karl_Darlow,
345,226182,2,226182.jpg,2,11,p226182,45,0.7,0.00,Bogle,,Jayden_Bogle,
346,222694,2,222694.jpg,2,11,p222694,45,0.4,0.00,Struijk,,Pascal_Struijk,
347,434752,2,434752.jpg,2,11,p434752,40,0.2,0.00,Bijol,Suspended until 23 Aug,Jaka_Bijol,
348,437738,2,437738.jpg,2,11,p437738,40,0.3,0.00,Bornauw,,Sebastiaan_Bornauw,
349,113564,2,113564.jpg,2,11,p113564,40,0.3,0.00,Byram,,Sam_Byram,
350,243526,2,243526.jpg,2,11,p243526,40,2.1,0.00,Gudmundsson,,Gabriel_Gudmundsson,
351,214225,2,214225.jpg,2,11,p214225,40,1.8,0.00,Rodon,,Joe_Rodon,
352,492368,2,492368.jpg,2,11,p492368,40,0.3,0.00,Schmidt,,Isaac_Schmidt,
353,427637,3,427637.jpg,2,11,p427637,55,0.1,0.00,Aaronson,,Brenden_Aaronson,
354,492859,3,492859.jpg,2,11,p492859,55,0.6,0.00,Gnonto,,Wilfried_Gnonto,
355,221399,3,221399.jpg,2,11,p221399,55,0.2,3.54,Harrison,,Jack_Harrison,
356,200617,3,200617.jpg,2,11,p200617,55,0.8,0.00,James,,Daniel_James,
357,199598,3,199598.jpg,2,11,p199598,50,0.1,0.00,Ampadu,,Ethan_Ampadu,
358,248937,3,248937.jpg,2,11,p248937,50,0.1,0.00,Greenwood,,Sam_Greenwood,
359,486520,3,486520.jpg,2,11,p486520,50,0.1,0.00,Gruev,,Ilia_Gruev,
360,433952,3,433952.jpg,2,11,p433952,50,0.1,0.00,Ramazani,,Largie_Ramazani,
361,248056,3,248056.jpg,2,11,p248056,50,0.4,0.00,Tanaka,,Tanaka_Ao,
362,536119,3,536119.jpg,2,11,p536119,45,0.1,0.00,Crew,,Charlie_Crew,
363,462635,3,462635.jpg,2,11,p462635,45,0.3,0.00,Gelhardt,,Joe_Gelhardt,
364,470294,3,470294.jpg,2,11,p470294,45,0.1,0.00,Gyabi,,Darko_Gyabi,
365,235826,4,235826.jpg,2,11,p235826,55,3.4,0.00,Piroe,,Joël_Piroe,
366,106617,4,106617.jpg,2,11,p106617,50,3.1,0.00,Bamford,,Patrick_Bamford,
367,565297,4,565297.jpg,2,11,p565297,50,0.2,0.00,Mateo Joseph,,Mateo_Joseph Fernández-Regatillo,
368,174594,4,174594.jpg,2,11,p174594,50,0.7,0.00,Nmecha,,Lukas_Nmecha,
369,180135,3,180135.jpg,2,11,p180135,50,0.3,0.60,Longstaff,,Sean_Longstaff,
370,466525,3,466525.jpg,2,11,p466525,50,0.1,0.00,Stach,,Anton_Stach,
371,201595,1,201595.jpg,2,11,p201595,45,0.3,0.00,Perri,,Lucas_Estella Perri,
372,116535,1,116535.jpg,14,12,p116535,55,10.9,0.00,A.Becker,,Alisson_Ramses Becker,
373,449027,1,449027.jpg,14,12,p449027,45,0.7,0.00,Mamardashvili,,Giorgi_Mamardashvili,
374,586268,1,586268.jpg,14,12,p586268,40,0.1,0.00,Pécsi,,Ármin_Pécsi,
375,155503,1,155503.jpg,14,12,p155503,40,0.1,0.00,Woodman,,Freddie_Woodman,
376,216094,2,216094.jpg,14,12,p216094,60,25.8,0.00,Frimpong,,Jeremie_Frimpong,
377,544877,2,544877.jpg,14,12,p544877,60,10.4,0.60,Kerkez,,Milos_Kerkez,
378,122798,2,122798.jpg,14,12,p122798,60,2.1,1.12,Robertson,,Andrew_Robertson,
379,97032,2,97032.jpg,14,12,p97032,60,23.4,2.22,Virgil,,Virgil_van Dijk,
380,204716,2,204716.jpg,14,12,p204716,55,2.8,1.80,Konaté,,Ibrahima_Konaté,
381,492777,2,492777.jpg,14,12,p492777,50,0.6,0.70,Bradley,,Conor_Bradley,
382,171287,2,171287.jpg,14,12,p171287,50,0.2,0.33,Gomez,,Joe_Gomez,
383,214285,2,214285.jpg,14,12,p214285,50,0.1,0.39,Tsimikas,,Konstantinos_Tsimikas,
384,611926,2,611926.jpg,14,12,p611926,40,0.2,0.00,Nallo,,Amara_Nallo,
385,219937,2,219937.jpg,14,12,p219937,40,0.3,0.00,R.Williams,,Rhys_Williams,
386,489580,2,489580.jpg,14,12,p489580,40,0.2,0.00,Ramsay,,Calvin_Ramsay,
387,118748,3,118748.jpg,14,12,p118748,145,57.3,24.70,M.Salah,,Mohamed_Salah,
388,494595,3,494595.jpg,14,12,p494595,85,33.0,0.00,Wirtz,,Florian_Wirtz,
389,244731,3,244731.jpg,14,12,p244731,80,0.8,11.90,Luis Díaz,Has joined Bayern Munch permanently.,Luis_Díaz,
390,243298,3,243298.jpg,14,12,p243298,75,4.7,7.12,Gakpo,,Cody_Gakpo,
391,223541,3,223541.jpg,14,12,p223541,65,0.1,0.34,Chiesa,,Federico_Chiesa,
392,243016,3,243016.jpg,14,12,p243016,65,1.5,2.89,Mac Allister,,Alexis_Mac Allister,
393,424876,3,424876.jpg,14,12,p424876,65,1.8,6.94,Szoboszlai,,Dominik_Szoboszlai,
394,206915,3,206915.jpg,14,12,p206915,55,0.1,4.34,C.Jones,,Curtis_Jones,
395,444884,3,444884.jpg,14,12,p444884,55,0.2,1.78,Elliott,,Harvey_Elliott,
396,441266,3,441266.jpg,14,12,p441266,55,0.1,1.13,Gravenberch,Suspended until 25 Aug,Ryan_Gravenberch,
397,496208,3,496208.jpg,14,12,p496208,50,0.1,0.00,Doak,,Ben_Doak,
398,158983,3,158983.jpg,14,12,p158983,50,0.1,0.00,Endo,,Endo_Wataru,
399,535928,3,535928.jpg,14,12,p535928,45,0.1,0.00,Bajcetic,,Stefan_Bajčetić Maquieira,
400,491501,3,491501.jpg,14,12,p491501,45,0.0,0.00,McConnell,,James_McConnell,
401,440148,3,440148.jpg,14,12,p440148,45,0.0,0.00,Morton,,Tyler_Morton,
402,591386,3,591386.jpg,14,12,p591386,45,0.1,0.00,Nyoni,,Trey_Nyoni,
403,447203,4,447203.jpg,14,12,p447203,65,1.3,5.76,Darwin,,Darwin_Núñez Ribeiro,
404,500058,4,500058.jpg,14,12,p500058,45,0.2,0.00,Danns,,Jayden_Danns,
405,510663,4,510663.jpg,14,12,p510663,85,5.3,0.00,Ekitiké,,Hugo_Ekitiké,
406,432720,1,432720.jpg,43,13,p432720,50,3.3,0.00,Trafford,,James_Trafford,
407,121160,1,121160.jpg,43,13,p121160,55,3.7,0.00,Ederson M.,,Ederson_Santana de Moraes,
408,88248,1,88248.jpg,43,13,p88248,50,0.5,0.00,Ortega Moreno,,Stefan_Ortega Moreno,
409,122074,1,122074.jpg,43,13,p122074,40,0.2,0.00,Bettinelli,,Marcus_Bettinelli,
410,448514,2,448514.jpg,43,13,p448514,60,23.5,2.69,Aït-Nouri,,Rayan_Aït-Nouri,
411,477424,2,477424.jpg,43,13,p477424,60,17.4,4.60,Gvardiol,,Joško_Gvardiol,
412,211975,2,211975.jpg,43,13,p211975,55,0.6,1.57,Akanji,,Manuel_Akanji,
413,126184,2,126184.jpg,43,13,p126184,55,0.5,0.22,Aké,,Nathan_Aké,
414,578153,2,578153.jpg,43,13,p578153,55,0.3,0.02,Khusanov,,Abdukodir_Khusanov,
415,465351,2,465351.jpg,43,13,p465351,55,0.6,1.11,Matheus N.,,Matheus_Nunes,
416,171314,2,171314.jpg,43,13,p171314,55,2.4,1.54,Rúben,,Rúben_Gato Alves Dias,
417,97299,2,97299.jpg,43,13,p97299,55,0.5,0.60,Stones,,John_Stones,
418,477064,2,477064.jpg,43,13,p477064,50,0.6,1.32,Lewis,,Rico_Lewis,
419,472769,2,472769.jpg,43,13,p472769,50,0.2,1.28,O’Reilly,,Nico_O'Reilly,
420,616222,2,616222.jpg,43,13,p616222,50,0.1,0.00,Vitor Reis,,Vitor_de Oliveira Nunes dos Reis,
421,438234,3,438234.jpg,43,13,p438234,85,13.7,5.41,Marmoush,,Omar_Marmoush,
422,209244,3,209244.jpg,43,13,p209244,80,3.2,5.17,Foden,,Phil_Foden,
423,510281,3,510281.jpg,43,13,p510281,70,1.9,5.02,Savinho,,Sávio_'Savinho' Moreira de Oliveira,
424,165809,3,165809.jpg,43,13,p165809,65,0.6,3.84,Bernardo,,Bernardo_Veiga de Carvalho e Silva,
425,466052,3,466052.jpg,43,13,p466052,65,8.9,0.00,Cherki,,Rayan_Cherki,
426,248875,3,248875.jpg,43,13,p248875,65,1.2,1.32,Doku,,Jérémy_Doku,
427,114283,3,114283.jpg,43,13,p114283,65,0.1,1.13,Grealish,,Jack_Grealish,
428,59859,3,59859.jpg,43,13,p59859,65,0.2,3.21,Gündoğan,,İlkay_Gündoğan,
429,220566,3,220566.jpg,43,13,p220566,65,1.6,0.00,Rodrigo,,Rodrigo_Hernandez,
430,91651,3,91651.jpg,43,13,p91651,60,0.0,1.91,Kovačić,Achilles injury - Expected back 13 Sep,Mateo_Kovačić,
431,465694,3,465694.jpg,43,13,p465694,60,0.1,0.45,N.Gonzalez,,Nico_González Iglesias,
432,477555,3,477555.jpg,43,13,p477555,55,0.1,0.00,Bobb,,Oscar_Bobb,
433,575204,3,575204.jpg,43,13,p575204,55,0.1,0.00,Echeverri,,Claudio_Echeverri,
434,432714,3,432714.jpg,43,13,p432714,55,0.1,2.80,McAtee,,James_McAtee,
435,433036,3,433036.jpg,43,13,p433036,55,4.7,0.00,Reijnders,,Tijjani_Reijnders,
436,566164,3,566164.jpg,43,13,p566164,50,0.1,0.00,Nypan,,Sverre_Nypan,
437,155405,3,155405.jpg,43,13,p155405,50,0.1,0.45,Phillips,,Kalvin_Phillips,
438,223094,4,223094.jpg,43,13,p223094,140,19.9,21.90,Haaland,,Erling_Haaland,
439,446008,3,446008.jpg,1,14,p446008,80,16.8,12.52,Mbeumo,,Bryan_Mbeumo,
440,451302,1,451302.jpg,1,14,p451302,50,0.5,0.00,Bayindir,,Altay_Bayındır,
441,202641,1,202641.jpg,1,14,p202641,50,0.1,0.00,Onana,Hamstring injury - 50% chance of playing,André_Onana,
442,588555,1,588555.jpg,1,14,p588555,40,0.0,0.00,Harrison,On loan to Shrewsbury Town,Elyh_Harrison,
443,21205,1,21205.jpg,1,14,p21205,40,0.4,0.00,Heaton,,Tom_Heaton,
444,461537,1,461537.jpg,1,14,p461537,40,0.1,0.00,Mee,,Dermot_Mee,
445,209365,2,209365.jpg,1,14,p209365,50,1.0,2.48,De Ligt,,Matthijs_de Ligt,
446,221820,2,221820.jpg,1,14,p221820,50,0.6,1.33,Martinez,,Lisandro_Martínez,
447,230001,2,230001.jpg,1,14,p230001,50,1.1,0.69,Mazraoui,,Noussair_Mazraoui,
448,661712,2,661712.jpg,1,14,p661712,45,0.1,0.00,D.Leon,,Diego_León Blanco,
449,216051,2,216051.jpg,1,14,p216051,45,2.7,1.96,Dalot,,Diogo_Dalot Teixeira,
450,596777,2,596777.jpg,1,14,p596777,45,5.3,0.43,Dorgu,,Patrick_Dorgu,
451,95658,2,95658.jpg,1,14,p95658,45,0.6,1.82,Maguire,,Harry_Maguire,
452,106760,2,106760.jpg,1,14,p106760,45,0.2,0.03,Shaw,,Luke_Shaw,
453,550864,2,550864.jpg,1,14,p550864,45,1.1,0.70,Yoro,,Leny_Yoro,
454,577974,2,577974.jpg,1,14,p577974,40,0.3,0.07,Amass,,Harry_Amass,
455,547676,2,547676.jpg,1,14,p547676,40,0.2,0.00,Fredricson,,Tyler_Fredricson,
456,606745,2,606745.jpg,1,14,p606745,40,2.0,0.12,Heaven,,Ayden_Heaven,
457,222690,2,222690.jpg,1,14,p222690,40,0.4,0.00,Malacia,,Tyrell_Malacia,
458,141746,3,141746.jpg,1,14,p141746,90,13.9,9.93,B.Fernandes,,Bruno_Borges Fernandes,
459,430871,3,430871.jpg,1,14,p430871,80,10.5,8.73,Cunha,,Matheus_Santos Carneiro Da Cunha,
460,176297,3,176297.jpg,1,14,p176297,70,0.4,4.67,Rashford,Has joined Barcelona on loan for the rest of the season,Marcus_Rashford,
461,493250,3,493250.jpg,1,14,p493250,65,3.7,4.71,Amad,,Amad_Diallo,
462,493105,3,493105.jpg,1,14,p493105,65,0.2,7.40,Garnacho,,Alejandro_Garnacho,
463,467169,3,467169.jpg,1,14,p467169,60,0.1,0.60,Antony,,Antony_dos Santos,
464,184341,3,184341.jpg,1,14,p184341,60,0.2,3.37,Mount,,Mason_Mount,
465,209243,3,209243.jpg,1,14,p209243,60,0.1,2.13,Sancho,,Jadon_Sancho,
466,61256,3,61256.jpg,1,14,p61256,55,0.2,1.80,Casemiro,,Carlos_Henrique Casimiro,
467,516895,3,516895.jpg,1,14,p516895,50,1.0,0.84,Mainoo,,Kobbie_Mainoo,
468,232112,3,232112.jpg,1,14,p232112,50,0.2,1.00,Ugarte,,Manuel_Ugarte Ribeiro,
469,490881,3,490881.jpg,1,14,p490881,45,0.2,0.08,Collyer,,Toby_Collyer,
470,556639,3,556639.jpg,1,14,p556639,45,0.0,0.00,Fitzgerald,,Jayce_Fitzgerald,
471,547037,3,547037.jpg,1,14,p547037,45,0.0,0.00,J.Fletcher,,Jack_Fletcher,
472,618873,3,618873.jpg,1,14,p618873,45,0.1,0.00,Kone,,Sékou_Koné,
473,559684,3,559684.jpg,1,14,p559684,45,0.0,0.00,Moorhouse,,Jack_Moorhouse,
474,497894,4,497894.jpg,1,14,p497894,65,1.1,5.10,Højlund,,Rasmus_Højlund,
475,458249,4,458249.jpg,1,14,p458249,60,1.0,4.64,Zirkzee,,Joshua_Zirkzee,
476,596047,4,596047.jpg,1,14,p596047,45,4.7,0.66,Obi,,Chido_Obi,
477,575034,4,575034.jpg,1,14,p575034,45,0.2,0.00,Wheatley,,Ethan_Wheatley,
478,98747,1,98747.jpg,4,15,p98747,50,3.8,0.00,Pope,,Nick_Pope,
479,81441,1,81441.jpg,4,15,p81441,40,0.1,0.00,Gillespie,,Mark_Gillespie,
480,111452,1,111452.jpg,4,15,p111452,40,0.1,0.00,Odysseas,,Odysseas_Vlachodimos,
481,487838,2,487838.jpg,4,15,p487838,55,2.7,0.43,Hall,,Lewis_Hall,
482,119471,2,119471.jpg,4,15,p119471,55,2.3,3.94,Schär,,Fabian_Schär,
483,220237,2,220237.jpg,4,15,p220237,50,0.5,0.59,Botman,,Sven_Botman,
484,78916,2,78916.jpg,4,15,p78916,50,3.2,1.97,Burn,,Dan_Burn,
485,441191,2,441191.jpg,4,15,p441191,50,4.2,0.33,Livramento,,Tino_Livramento,
486,77794,2,77794.jpg,4,15,p77794,50,1.5,0.12,Trippier,,Kieran_Trippier,
487,111773,2,111773.jpg,4,15,p111773,45,0.1,0.04,Krafth,,Emil_Krafth,
488,101148,2,101148.jpg,4,15,p101148,45,0.1,0.00,Lascelles,,Jamaal_Lascelles,
489,545477,2,545477.jpg,4,15,p545477,40,0.8,0.00,A.Murphy,,Alex_Murphy,
490,441024,2,441024.jpg,4,15,p441024,40,0.2,0.00,Ashby,,Harrison_Ashby,
491,578512,2,578512.jpg,4,15,p578512,40,0.2,0.00,Pivas,,Miodrag_Pivaš,
492,169359,2,169359.jpg,4,15,p169359,40,0.5,0.00,Targett,,Matt_Targett,
493,232826,3,232826.jpg,4,15,p232826,75,3.0,8.19,Gordon,,Anthony_Gordon,
494,449434,3,449434.jpg,4,15,p449434,70,9.7,4.81,Elanga,,Anthony_Elanga,
495,201666,3,201666.jpg,4,15,p201666,65,0.5,6.45,Barnes,,Harvey_Barnes,
496,208706,3,208706.jpg,4,15,p208706,65,1.5,4.34,Bruno G.,,Bruno_Guimarães Rodriguez Moura,
497,114243,3,114243.jpg,4,15,p114243,65,2.9,5.89,J.Murphy,,Jacob_Murphy,
498,180974,3,180974.jpg,4,15,p180974,60,0.4,3.74,Joelinton,,Joelinton_Cássio Apolinário de Lira,
499,432422,3,432422.jpg,4,15,p432422,55,2.3,4.46,Tonali,,Sandro_Tonali,
500,640108,3,640108.jpg,4,15,p640108,50,0.1,0.00,Antoñito C.,,Antoñito_Cordero Campillo,
501,200089,3,200089.jpg,4,15,p200089,50,0.2,1.65,Willock,,Joe_Willock,
502,153127,3,153127.jpg,4,15,p153127,45,0.1,0.00,Hayden,,Isaac_Hayden,
503,564510,3,564510.jpg,4,15,p564510,45,0.1,0.00,Kuol,,Garang_Kuol,
504,547719,3,547719.jpg,4,15,p547719,45,3.2,0.57,L.Miley,,Lewis_Miley,
505,461484,3,461484.jpg,4,15,p461484,45,0.1,0.00,White,Has joined Leyton Orient on loan for the rest of the season.,Joe_White,
506,219168,4,219168.jpg,4,15,p219168,105,27.5,20.33,Isak,,Alexander_Isak,
507,538207,4,538207.jpg,4,15,p538207,55,0.2,0.16,Osula,,William_Osula,
508,599303,4,599303.jpg,4,15,p599303,45,0.3,0.00,Neave,,Sean_Neave,
509,225321,1,225321.jpg,4,15,p225321,50,0.2,0.00,Ramsdale,,Aaron_Ramsdale,
510,85633,1,85633.jpg,17,16,p85633,50,18.0,0.00,Sels,,Matz_Sels,
511,475123,1,475123.jpg,17,16,p475123,40,0.3,0.00,C.Miguel,,Carlos_Miguel dos Santos Pereira,
512,224068,1,224068.jpg,17,16,p224068,40,1.4,0.00,Turner,,Matt_Turner,
513,227444,2,227444.jpg,17,16,p227444,55,8.9,4.05,Milenković,,Nikola_Milenković,
514,575476,2,575476.jpg,17,16,p575476,55,4.8,1.47,Murillo,,Murillo_Costa dos Santos,
515,159506,2,159506.jpg,17,16,p159506,50,17.6,0.63,Aina,,Ola_Aina,
516,215136,2,215136.jpg,17,16,p215136,50,4.1,2.29,N.Williams,,Neco_Williams,
517,451432,2,451432.jpg,17,16,p451432,45,0.1,0.00,David Carmo,,David_Mota Veiga Teixeira do Carmo,
518,575458,2,575458.jpg,17,16,p575458,45,0.1,0.00,Jair Cunha,,Jair_Paula da Cunha Filho,
519,485047,2,485047.jpg,17,16,p485047,45,0.1,0.18,Morato,,Felipe_Rodrigues da Silva,
520,204822,2,204822.jpg,17,16,p204822,45,0.1,0.00,O.Richards,,Omar_Richards,
521,549067,2,549067.jpg,17,16,p549067,40,0.3,0.00,Abbott,,Zach_Abbott,
522,90585,2,90585.jpg,17,16,p90585,40,0.6,0.07,Boly,,Willy_Boly,
523,222531,3,222531.jpg,17,16,p222531,75,4.7,6.31,Gibbs-White,,Morgan_Gibbs-White,
524,209046,3,209046.jpg,17,16,p209046,60,1.8,2.52,Hudson-Odoi,,Callum_Hudson-Odoi,
525,215379,3,215379.jpg,17,16,p215379,55,4.2,2.04,Anderson,,Elliot_Anderson,
526,510500,3,510500.jpg,17,16,p510500,55,0.1,2.13,Jota,,João_Pedro Ferreira da Silva,
527,250199,3,250199.jpg,17,16,p250199,50,0.0,1.58,Dominguez,Knee injury - Expected back 04 Oct,Nicolás_Domínguez,
528,243345,3,243345.jpg,17,16,p243345,50,0.0,0.00,O'Brien,Has joined Wrexham permanently.,Lewis_O'Brien,
529,210462,3,210462.jpg,17,16,p210462,50,0.1,0.02,Sangaré,,Ibrahim_Sangaré,
530,204968,3,204968.jpg,17,16,p204968,50,0.2,2.41,Yates,,Ryan_Yates,
531,569014,3,569014.jpg,17,16,p569014,45,0.2,0.00,Da Silva Moreira,,Eric_da Silva Moreira,
532,495161,3,495161.jpg,17,16,p495161,45,0.1,0.00,Stamenic,,Marko_Stamenić,
533,60689,4,60689.jpg,17,16,p60689,75,16.3,13.42,Wood,,Chris_Wood,
534,482973,4,482973.jpg,17,16,p482973,60,1.2,0.00,Igor Jesus,,Igor_Jesus Maciel da Cruz,
535,210156,4,210156.jpg,17,16,p210156,55,0.8,2.15,Awoniyi,,Taiwo_Awoniyi,
536,456512,3,456512.jpg,17,16,p456512,60,0.3,0.00,Ndoye,,Dan_Ndoye,
537,107265,1,107265.jpg,17,16,p107265,40,0.0,0.00,Gunn,,Angus_Gunn,
538,499309,4,499309.jpg,56,17,p499309,45,6.3,0.00,Marc Guiu,,Marc_Guiu Paz,
539,232571,1,232571.jpg,56,17,p232571,45,0.5,0.00,Patterson,,Anthony_Patterson,
540,74854,1,74854.jpg,56,17,p74854,40,0.6,0.00,Moore,,Simon_Moore,
541,490000,1,490000.jpg,56,17,p490000,40,0.2,0.00,Nna Noukeu,,Blondy_Nna Noukeu,
542,223827,2,223827.jpg,56,17,p223827,45,0.3,0.00,Ballard,,Daniel_Ballard,
543,487676,2,487676.jpg,56,17,p487676,45,0.3,0.00,Hume,,Trai_Hume,
544,220684,2,220684.jpg,56,17,p220684,40,0.0,0.00,Alese,Shoulder injury - Expected back 13 Sep,Aji_Alese,
545,232820,2,232820.jpg,56,17,p232820,40,0.6,0.00,Anderson,,Joe_Anderson,
546,461195,2,461195.jpg,56,17,p461195,40,0.2,0.00,Cirkin,Wrist Injury - Expected back 13 Jul,Dennis_Cirkin,
547,477547,2,477547.jpg,56,17,p477547,40,0.0,0.00,Hjelde,Achilles injury - Expected back 13 Sep,Leo_Fuhr Hjelde,
548,492066,2,492066.jpg,56,17,p492066,40,0.3,0.00,Huggins,,Niall_Huggins,
549,514613,2,514613.jpg,56,17,p514613,40,0.3,0.00,Johnson,,Zak_Johnson,
550,167512,2,167512.jpg,56,17,p167512,40,0.0,0.00,O'Nien,Shoulder injury - Expected back 13 Sep,Luke_O'Nien,
551,465702,2,465702.jpg,56,17,p465702,40,0.3,0.00,Pembele,,Timothée_Pembélé,
552,434399,2,434399.jpg,56,17,p434399,40,8.1,0.00,Reinildo,,Reinildo_Mandava,
553,519634,2,519634.jpg,56,17,p519634,40,0.4,0.00,Seelt,,Jenson_Seelt,
554,535818,3,535818.jpg,56,17,p535818,55,2.8,2.47,Adingra,,Simon_Adingra,
555,547027,3,547027.jpg,56,17,p547027,55,0.1,0.00,Diarra,,Habib_Diarra,
556,124165,3,124165.jpg,56,17,p124165,55,0.1,0.00,Roberts,,Patrick_Roberts,
557,626844,3,626844.jpg,56,17,p626844,50,0.1,0.00,Aleksić,,Milan_Aleksić,
558,484420,3,484420.jpg,56,17,p484420,50,1.1,0.00,E.Le Fée,,Enzo_Le Fée,
559,461199,3,461199.jpg,56,17,p461199,50,0.1,0.00,Mundle,,Romaine_Mundle,
560,223336,3,223336.jpg,56,17,p223336,50,0.1,0.00,Neil,,Dan_Neil,
561,215460,3,215460.jpg,56,17,p215460,50,0.1,0.00,Poveda,,Ian_Poveda-Ocampo,
562,554197,3,554197.jpg,56,17,p554197,50,0.1,0.00,Rigg,,Chris_Rigg,
563,577669,3,577669.jpg,56,17,p577669,50,0.1,0.00,Sadiki,,Noah_Sadiki,
564,549912,3,549912.jpg,56,17,p549912,50,0.2,0.00,Talbi,,Chemsdine_Talbi,
565,477851,3,477851.jpg,56,17,p477851,45,0.4,0.00,Ba,,Abdoullah_Ba,
566,171422,3,171422.jpg,56,17,p171422,45,0.1,0.00,Browne,,Alan_Browne,
567,458297,3,458297.jpg,56,17,p458297,45,0.1,0.00,Ekwah,,Pierre_Ekwah Elimby,
568,547410,3,547410.jpg,56,17,p547410,45,0.1,0.00,H.Jones,,Harrison_Jones,
569,493837,3,493837.jpg,56,17,p493837,45,0.3,0.00,Matete,,Jay_Matete,
570,500696,3,500696.jpg,56,17,p500696,45,0.1,0.00,Triantis,,Nectarios_Triantis,
571,437505,4,437505.jpg,56,17,p437505,55,0.4,0.00,Isidor,,Wilson_Isidor,
572,564406,4,564406.jpg,56,17,p564406,55,0.5,0.00,Mayenda,,Eliezer_Mayenda Dossou,
573,611975,4,611975.jpg,56,17,p611975,45,1.1,0.00,Abdullahi,,Ahmed_Abdullahi,
574,551153,4,551153.jpg,56,17,p551153,45,0.3,0.00,Luís Hemir,,Luís_Hemir Silva Semedo,
575,440955,4,440955.jpg,56,17,p440955,45,0.3,0.00,Rusyn,,Nazarii_Rusyn,
576,84450,3,84450.jpg,56,17,p84450,50,2.2,0.00,Xhaka,,Granit_Xhaka,
577,498016,1,498016.jpg,56,17,p498016,45,0.1,0.00,Roefs,,Robin_Roefs,
578,184254,1,184254.jpg,6,18,p184254,50,3.5,0.00,Vicario,,Guglielmo_Vicario,
579,214572,1,214572.jpg,6,18,p214572,40,0.3,0.00,Austin,,Brandon_Austin,
580,485055,1,485055.jpg,6,18,p485055,40,4.8,0.00,Kinsky,,Antonín_Kinský,
581,441164,2,441164.jpg,6,18,p441164,55,11.2,1.63,Pedro Porro,,Pedro_Porro,
582,221632,2,221632.jpg,6,18,p221632,50,1.8,1.52,Romero,,Cristian_Romero,
583,135720,2,135720.jpg,6,18,p135720,45,0.1,0.40,Danso,,Kevin_Danso,
584,115556,2,115556.jpg,6,18,p115556,45,0.1,0.27,Davies,,Ben_Davies,
585,493125,2,493125.jpg,6,18,p493125,45,0.0,0.13,Dragusin,Knee injury - Unknown return date,Radu_Drăgușin,
586,232859,2,232859.jpg,6,18,p232859,45,0.6,0.58,Spence,,Djed_Spence,
587,487053,2,487053.jpg,6,18,p487053,45,7.6,0.31,Udogie,,Destiny_Udogie,
588,491279,2,491279.jpg,6,18,p491279,45,18.2,0.54,Van de Ven,,Micky_van de Ven,
589,548308,2,548308.jpg,6,18,p548308,40,0.2,0.00,Phillips,Has joined Stoke City on loan for the rest of the season.,Ashley_Phillips,
590,553299,2,553299.jpg,6,18,p553299,40,0.4,0.00,Takai,,Takai_Kōta,
591,610799,2,610799.jpg,6,18,p610799,40,2.1,0.00,Vuskovic,,Luka_Vušković,
592,85971,3,85971.jpg,6,18,p85971,85,2.1,7.25,Son,,Son_Heung-min,
593,242898,3,242898.jpg,6,18,p242898,70,3.6,10.75,Johnson,,Brennan_Johnson,
594,172780,3,172780.jpg,6,18,p172780,70,2.6,5.54,Maddison,,James_Maddison,
595,460842,3,460842.jpg,6,18,p460842,65,25.6,6.97,Kudus,,Mohammed_Kudus,
596,445044,3,445044.jpg,6,18,p445044,65,0.0,4.06,Kulusevski,Knee injury - Unknown return date,Dejan_Kulusevski,
597,511499,3,511499.jpg,6,18,p511499,65,0.2,2.96,Tel,,Mathys_Tel,
598,202993,3,202993.jpg,6,18,p202993,55,0.1,1.36,Bentancur,,Rodrigo_Bentancur,
599,570526,3,570526.jpg,6,18,p570526,55,0.2,0.71,Bergvall,,Lucas_Bergvall,
600,227127,3,227127.jpg,6,18,p227127,55,0.1,0.64,Bissouma,,Yves_Bissouma,
601,550839,3,550839.jpg,6,18,p550839,55,0.1,1.63,Odobert,,Wilson_Odobert,
602,235674,3,235674.jpg,6,18,p235674,55,0.1,0.00,Solomon,,Manor_Solomon,
603,436234,3,436234.jpg,6,18,p436234,50,0.1,0.00,Bryan,,Bryan_Gil Salvatierra,
604,547701,3,547701.jpg,6,18,p547701,50,0.2,0.03,Gray,,Archie_Gray,
605,499721,3,499721.jpg,6,18,p499721,50,0.1,0.20,Moore,,Mikey_Moore,
606,482442,3,482442.jpg,6,18,p482442,50,1.9,3.72,P.M.Sarr,,Pape_Matar Sarr,
607,623095,3,623095.jpg,6,18,p623095,45,0.2,0.00,Min-hyeok,,Yang_Min-hyeok,
608,499726,3,499726.jpg,6,18,p499726,45,0.2,0.00,Olusesi,,Callum_Olusesi,
609,154566,4,154566.jpg,6,18,p154566,75,12.3,10.89,Solanke,,Dominic_Solanke-Mitchell,
610,212319,4,212319.jpg,6,18,p212319,65,1.0,3.71,Richarlison,,Richarlison_de Andrade,
611,552427,4,552427.jpg,6,18,p552427,45,0.4,0.00,Lankshear,,Will_Lankshear,
612,490145,4,490145.jpg,6,18,p490145,45,0.9,0.04,Scarlett,,Dane_Scarlett,
613,154296,3,154296.jpg,6,18,p154296,55,0.2,0.00,J.Palhinha,,João_Maria Lobo Alves Palhares Costa Palhinha Gonçalves,
614,84182,1,84182.jpg,21,19,p84182,45,5.7,0.00,Areola,,Alphonse_Areola,
615,82143,1,82143.jpg,21,19,p82143,40,0.9,0.00,Foderingham,,Wes_Foderingham,
616,483364,1,483364.jpg,21,19,p483364,40,0.4,0.00,Hegyi,,Krisztián_Hegyi,
617,613804,2,613804.jpg,21,19,p613804,45,3.4,0.00,Diouf,,El_Hadji Malick Diouf,
618,109533,2,109533.jpg,21,19,p109533,45,0.2,1.95,Emerson,,Emerson_Palmieri dos Santos,
619,214048,2,214048.jpg,21,19,p214048,45,0.4,1.55,Kilman,,Maximilian_Kilman,
620,233963,2,233963.jpg,21,19,p233963,45,0.1,1.61,Mavropanos,,Konstantinos_Mavropanos,
621,210494,2,210494.jpg,21,19,p210494,45,0.1,0.00,N.Aguerd,,Nayef_Aguerd,
622,536109,2,536109.jpg,21,19,p536109,45,0.1,0.11,Scarles,,Ollie_Scarles,
623,462116,2,462116.jpg,21,19,p462116,45,0.1,0.36,Todibo,,Jean-Clair_Todibo,
624,214590,2,214590.jpg,21,19,p214590,45,31.4,1.18,Wan-Bissaka,,Aaron_Wan-Bissaka,
625,518438,2,518438.jpg,21,19,p518438,40,0.8,0.00,Casey,,Kaelan_Casey,
626,224024,3,224024.jpg,21,19,p224024,60,1.0,5.36,L.Paquetá,,Lucas_Tolentino Coelho de Lima,
627,215439,3,215439.jpg,21,19,p215439,60,0.9,6.60,Souček,,Tomáš_Souček,
628,101178,3,101178.jpg,21,19,p101178,60,0.4,1.59,Ward-Prowse,,James_Ward-Prowse,
629,450070,3,450070.jpg,21,19,p450070,55,0.0,1.61,Summerville,Hamstring injury - Unknown return date,Crysencio_Summerville,
630,213999,3,213999.jpg,21,19,p213999,50,0.2,0.39,Álvarez,,Edson_Álvarez Velázquez,
631,149519,3,149519.jpg,21,19,p149519,50,0.1,0.16,Cornet,,Maxwel_Cornet,
632,197024,3,197024.jpg,21,19,p197024,50,0.1,0.22,G.Rodriguez,,Guido_Rodríguez,
633,577114,3,577114.jpg,21,19,p577114,50,0.1,0.42,L.Guilherme,,Luis_Guilherme Lira dos Santos,
634,490885,3,490885.jpg,21,19,p490885,45,0.2,0.00,Earthy,,George_Earthy,
635,229384,3,229384.jpg,21,19,p229384,45,0.3,0.13,Irving,,Andy_Irving,
636,518442,3,518442.jpg,21,19,p518442,45,0.2,0.03,Orford,,Lewis_Orford,
637,490142,3,490142.jpg,21,19,p490142,45,0.7,0.00,Potts,,Freddie_Potts,
638,178186,4,178186.jpg,21,19,p178186,80,20.1,8.60,Bowen,,Jarrod_Bowen,
639,91889,4,91889.jpg,21,19,p91889,60,2.0,2.14,Füllkrug,,Niclas_Füllkrug,
640,565431,4,565431.jpg,21,19,p565431,45,0.8,0.00,Marshall,,Callum_Marshall,
641,158534,2,158534.jpg,21,19,p158534,45,0.5,0.00,Walker-Peters,,Kyle_Walker-Peters,
642,75115,4,75115.jpg,21,19,p75115,60,0.2,0.00,Wilson,,Callum_Wilson,
643,101982,1,101982.jpg,39,20,p101982,45,0.2,0.00,Johnstone,,Sam_Johnstone,
644,149065,1,149065.jpg,39,20,p149065,45,2.4,0.00,José Sá,,José_Malheiro de Sá,
645,79602,1,79602.jpg,39,20,p79602,40,1.2,0.00,Bentley,,Daniel_Bentley,
646,138001,1,138001.jpg,39,20,p138001,40,2.7,0.00,King,,Tom_King,
647,516939,2,516939.jpg,39,20,p516939,45,0.3,0.90,Agbadou,,Emmanuel_Agbadou,
648,87835,2,87835.jpg,39,20,p87835,45,0.2,1.12,Doherty,,Matt_Doherty,
649,490721,2,490721.jpg,39,20,p490721,45,0.1,0.00,H.Bueno,,Hugo_Bueno López,
650,501837,2,501837.jpg,39,20,p501837,45,0.1,0.33,Mosquera,,Yerson_Mosquera Valdelamar,
651,483081,2,483081.jpg,39,20,p483081,45,0.1,0.72,R.Gomes,,Rodrigo_Martins Gomes,
652,231480,2,231480.jpg,39,20,p231480,45,0.1,0.45,S.Bueno,,Santiago_Ignacio Bueno,
653,510362,2,510362.jpg,39,20,p510362,45,0.2,0.73,Toti,,Toti_Gomes,
654,441271,2,441271.jpg,39,20,p441271,40,2.7,0.00,Hoever,,Ki-Jana_Hoever,
655,560248,2,560248.jpg,39,20,p560248,40,0.1,0.00,Meupiyou,On loan to FC Alverca,Bastien_Meupiyou Menadjou,
656,641221,2,641221.jpg,39,20,p641221,40,1.4,0.06,Pedro Lima,,Pedro_Cardoso de Lima,
657,517179,2,517179.jpg,39,20,p517179,40,2.1,0.00,Pond,,Alfie_Pond,
658,184754,3,184754.jpg,39,20,p184754,60,0.2,0.79,Hee Chan,,Hwang_Hee-chan,
659,509291,3,509291.jpg,39,20,p509291,55,0.1,0.41,André,,André_Trindade da Costa Neto,
660,231057,3,231057.jpg,39,20,p231057,55,0.1,1.46,Bellegarde,,Jean-Ricner_Bellegarde,
661,643135,3,643135.jpg,39,20,p643135,55,0.1,0.00,Fer López,,Fer_López González,
662,448089,3,448089.jpg,39,20,p448089,55,0.1,2.94,Gomes,,João_Victor Gomes da Silva,
663,181284,3,181284.jpg,39,20,p181284,55,0.1,3.28,Guedes,,Gonçalo_Manuel Ganchinho Guedes,
664,433312,3,433312.jpg,39,20,p433312,55,0.1,3.32,Munetsi,,Marshall_Munetsi,
665,476502,3,476502.jpg,39,20,p476502,50,0.0,0.00,B.Traore,Has joined FC Metz on loan for the rest of the season.,Boubacar_Traoré,
666,497606,3,497606.jpg,39,20,p497606,45,0.3,0.00,Chirewa,,Tawanda_Chirewa,
667,596054,3,596054.jpg,39,20,p596054,45,0.4,0.00,Edozie,,Tom_Edozie,
668,593001,3,593001.jpg,39,20,p593001,45,1.4,0.00,Gonzalez,,Enso_González Medina,
669,240299,3,240299.jpg,39,20,p240299,45,0.4,0.00,Hodge,Signed by CD Tondela,Joe_Hodge,
670,247412,4,247412.jpg,39,20,p247412,65,5.9,10.14,Strand Larsen,,Jørgen_Strand Larsen,
671,449988,4,449988.jpg,39,20,p449988,50,0.7,0.00,Fábio Silva,,Fábio_Soares Silva,
672,429414,4,429414.jpg,39,20,p429414,50,0.2,0.00,Kalajdžić,,Saša_Kalajdžić,
673,589507,4,589507.jpg,39,20,p589507,45,0.1,0.00,Chiwome,Knee injury - Unknown return date,Leon_Chiwome,
674,531363,4,531363.jpg,39,20,p531363,45,2.6,0.00,Fraser,,Nathan_Fraser,
675,230376,3,230376.jpg,39,20,p230376,55,1.1,0.00,J.Arias,,Jhon_Arias,
