,id,title,h_a,xG,xGA,npxG,npxGA,deep,deep_allowed,scored,missed,xpts,result,date,wins,draws,loses,pts,npxGD,ppda_att,ppda_def,ppda_allowed_att,ppda_allowed_def,ppda,ppda_allowed
0,71,Aston Villa,h,0.318601,1.40098,0.318601,1.40098,2,6,0,0,0.42579999999999996,d,2025-08-16 11:30:00,0,1,0,1,-1.082379,227,12,146,24,18.916666666666668,6.083333333333333
1,71,Aston Villa,a,0.976852,1.12964,0.976852,1.12964,14,2,0,1,1.1286999999999998,l,2025-08-23 14:00:00,0,0,1,0,-0.15278799999999992,92,17,302,28,5.411764705882353,10.785714285714286
2,72,Everton,a,0.674338,2.3812,0.674338,1.62003,2,5,0,1,0.2864,l,2025-08-18 19:00:00,0,0,1,0,-0.9456920000000001,275,10,251,16,27.5,15.6875
3,72,Everton,h,1.80116,2.08487,1.80116,1.3237,5,8,2,0,1.1070000000000002,w,2025-08-24 13:00:00,1,0,0,3,0.47746,301,17,165,19,17.705882352941178,8.68421052631579
4,73,Bournemouth,a,1.57303,2.33007,1.57303,2.33007,8,9,2,4,0.8954,l,2025-08-15 19:00:00,0,0,1,0,-0.7570400000000002,278,24,149,17,11.583333333333334,8.764705882352942
5,73,Bournemouth,h,1.78462,0.373367,1.78462,0.373367,6,3,1,0,2.5305999999999997,w,2025-08-23 14:00:00,1,0,0,3,1.411253,147,25,219,21,5.88,10.428571428571429
6,77,Sunderland,h,0.724368,0.558948,0.724368,0.558948,2,8,3,0,1.48,w,2025-08-16 14:00:00,1,0,0,3,0.16542,291,14,165,15,20.785714285714285,11.0
7,77,Sunderland,a,1.12127,1.00381,1.12127,1.00381,4,4,0,2,1.448,l,2025-08-23 14:00:00,0,0,1,0,0.1174599999999999,247,12,324,21,20.583333333333332,15.428571428571429
8,78,Crystal Palace,a,1.03414,1.36793,1.03414,1.36793,2,7,0,0,1.093,d,2025-08-17 13:00:00,0,1,0,1,-0.33379000000000003,335,19,135,23,17.63157894736842,5.869565217391305
9,78,Crystal Palace,h,1.10188,1.32987,1.10188,1.32987,6,4,1,1,1.1537,d,2025-08-24 13:00:00,0,1,0,1,-0.22799000000000014,294,23,197,19,12.782608695652174,10.368421052631579
10,80,Chelsea,h,1.36793,1.03414,1.36793,1.03414,7,2,0,0,1.6141,d,2025-08-17 13:00:00,0,1,0,1,0.33379000000000003,135,23,335,19,5.869565217391305,17.63157894736842
11,80,Chelsea,a,3.94997,0.978572,3.94997,0.978572,5,6,5,1,2.8571000000000004,w,2025-08-22 19:00:00,1,0,0,3,2.9713979999999998,227,19,342,13,11.947368421052632,26.307692307692307
12,81,West Ham,a,0.558948,0.724368,0.558948,0.724368,8,2,0,3,1.129,l,2025-08-16 14:00:00,0,0,1,0,-0.16542,165,15,291,14,11.0,20.785714285714285
13,81,West Ham,h,0.978572,3.94997,0.978572,3.94997,6,5,1,5,0.0944,l,2025-08-22 19:00:00,0,0,1,0,-2.9713979999999998,342,13,227,19,26.307692307692307,11.947368421052632
14,82,Tottenham,h,1.97858,0.734138,1.97858,0.734138,7,6,3,0,2.3089000000000004,w,2025-08-16 14:00:00,1,0,0,3,1.244442,108,17,295,17,6.352941176470588,17.352941176470587
15,82,Tottenham,a,1.28015,1.2475,1.28015,1.2475,4,8,2,0,1.3643999999999998,w,2025-08-23 11:30:00,1,0,0,3,0.032649999999999846,292,22,188,18,13.272727272727273,10.444444444444445
16,83,Arsenal,a,1.3304,1.37653,1.3304,1.37653,3,7,1,0,1.3628,w,2025-08-17 15:30:00,1,0,0,3,-0.046130000000000004,259,23,166,21,11.26086956521739,7.904761904761905
17,83,Arsenal,h,2.73761,0.156761,1.97644,0.156761,5,1,5,0,2.9097,w,2025-08-23 16:30:00,1,0,0,3,1.819679,175,22,418,15,7.954545454545454,27.866666666666667
18,86,Newcastle United,a,1.40098,0.318601,1.40098,0.318601,6,2,0,0,2.3370999999999995,d,2025-08-16 11:30:00,0,1,0,1,1.082379,146,24,227,12,6.083333333333333,18.916666666666668
19,86,Newcastle United,h,1.96342,0.646559,1.96342,0.646559,3,6,2,3,2.4272,l,2025-08-25 19:00:00,0,0,1,0,1.3168609999999998,265,22,106,14,12.045454545454545,7.571428571428571
20,87,Liverpool,h,2.33007,1.57303,2.33007,1.57303,9,8,4,2,1.877,w,2025-08-15 19:00:00,1,0,0,3,0.7570400000000002,149,17,278,24,8.764705882352942,11.583333333333334
21,87,Liverpool,a,0.646559,1.96342,0.646559,1.96342,6,3,3,2,0.39349999999999996,w,2025-08-25 19:00:00,1,0,0,3,-1.3168609999999998,106,14,265,22,7.571428571428571,12.045454545454545
22,88,Manchester City,a,2.29903,0.519436,2.29903,0.519436,8,4,4,0,2.6430000000000002,w,2025-08-16 16:30:00,1,0,0,3,1.7795940000000001,236,20,351,29,11.8,12.10344827586207
23,88,Manchester City,h,1.2475,1.28015,1.2475,1.28015,8,4,0,2,1.3467,l,2025-08-23 11:30:00,0,0,1,0,-0.032649999999999846,188,18,292,22,10.444444444444445,13.272727272727273
24,89,Manchester United,h,1.37653,1.3304,1.37653,1.3304,7,3,0,1,1.3298,l,2025-08-17 15:30:00,0,0,1,0,0.046130000000000004,166,21,259,23,7.904761904761905,11.26086956521739
25,89,Manchester United,a,1.54603,1.65333,0.784858,1.65333,11,11,1,1,1.2692,d,2025-08-24 15:30:00,0,1,0,1,-0.868472,196,18,218,22,10.88888888888889,9.909090909090908
26,92,Burnley,a,0.734138,1.97858,0.734138,1.97858,6,7,0,3,0.4918,l,2025-08-16 14:00:00,0,0,1,0,-1.244442,295,17,108,17,17.352941176470587,6.352941176470588
27,92,Burnley,h,1.00381,1.12127,1.00381,1.12127,4,4,2,0,1.2227,w,2025-08-23 14:00:00,1,0,0,3,-0.1174599999999999,324,21,247,12,15.428571428571429,20.583333333333332
28,220,Brighton,h,1.44008,0.902883,0.678909,0.902883,5,6,1,1,1.8562,d,2025-08-16 14:00:00,0,1,0,1,-0.223974,250,28,292,18,8.928571428571429,16.22222222222222
29,220,Brighton,a,2.08487,1.80116,1.3237,1.80116,8,5,0,2,1.6155000000000002,l,2025-08-24 13:00:00,0,0,1,0,-0.47746,165,19,301,17,8.68421052631579,17.705882352941178
30,228,Fulham,a,0.902883,1.44008,0.902883,0.678909,6,5,1,1,0.835,d,2025-08-16 14:00:00,0,1,0,1,0.223974,292,18,250,28,16.22222222222222,8.928571428571429
31,228,Fulham,h,1.65333,1.54603,1.65333,0.784858,11,11,1,1,1.4455999999999998,d,2025-08-24 15:30:00,0,1,0,1,0.868472,218,22,196,18,9.909090909090908,10.88888888888889
32,229,Wolverhampton Wanderers,h,0.519436,2.29903,0.519436,2.29903,4,8,0,4,0.2391,l,2025-08-16 16:30:00,0,0,1,0,-1.7795940000000001,351,29,236,20,12.10344827586207,11.8
33,229,Wolverhampton Wanderers,a,0.373367,1.78462,0.373367,1.78462,3,6,0,1,0.3052,l,2025-08-23 14:00:00,0,0,1,0,-1.411253,219,21,147,25,10.428571428571429,5.88
34,244,Brentford,a,1.32516,1.7555,0.563994,1.7555,3,6,1,3,1.0148000000000001,l,2025-08-17 13:00:00,0,0,1,0,-1.191506,167,17,234,21,9.823529411764707,11.142857142857142
35,244,Brentford,h,1.12964,0.976852,1.12964,0.976852,2,14,1,0,1.5385,w,2025-08-23 14:00:00,1,0,0,3,0.15278799999999992,302,28,92,17,10.785714285714286,5.411764705882353
36,245,Leeds,h,2.3812,0.674338,1.62003,0.674338,5,2,1,0,2.5742000000000003,w,2025-08-18 19:00:00,1,0,0,3,0.9456920000000001,251,16,275,10,15.6875,27.5
37,245,Leeds,a,0.156761,2.73761,0.156761,1.97644,1,5,0,5,0.0513,l,2025-08-23 16:30:00,0,0,1,0,-1.819679,418,15,175,22,27.866666666666667,7.954545454545454
38,249,Nottingham Forest,h,1.7555,1.32516,1.7555,0.563994,6,3,3,1,1.6997,w,2025-08-17 13:00:00,1,0,0,3,1.191506,234,21,167,17,11.142857142857142,9.823529411764707
39,249,Nottingham Forest,a,1.32987,1.10188,1.32987,1.10188,4,6,1,1,1.5392,d,2025-08-24 13:00:00,0,1,0,1,0.22799000000000014,197,19,294,23,10.368421052631579,12.782608695652174
