player_id,understat_player,player_code,match_score,matched_name,matched_from,team_norm
76,Fabian Schär,119471,1.03,Fabian Schär,full_name,newcastle
10126,James McAtee,432714,1.03,James McAtee,full_name,nott m forest
10527,Carlos Baleba,535301,1.03,Carlos Baleba,full_name,brighton
10405,Josh Dasilva,183656,1.03,Josh Dasilva,full_name,brentford
10348,Omari Hutchinson,503301,1.03,Omari Hutchinson,full_name,nott m forest
10292,Nathan Patterson,243571,1.03,Nathan Patterson,full_name,everton
10291,Vitalii Mykolenko,224967,1.03,Vitalii Mykolenko,full_name,everton
10216,Lewis Hall,487838,1.03,Lewis Hall,full_name,newcastle
10184,Archie Gray,547701,1.03,Archie Gray,full_name,spurs
10120,Conor Bradley,492777,1.03,Conor Bradley,full_name,liverpool
9790,Josko Gvardiol,477424,1.03,Joško Gvardiol,full_name,man city
10050,Micky van de Ven,491279,1.03,Micky van de Ven,full_name,spurs
10025,Lamare Bogarde,515597,1.03,Lamare Bogarde,full_name,aston villa
10024,Cristhian Mosquera,500040,1.03,Cristhian Mosquera,full_name,arsenal
10004,Romeo Lavia,514356,1.03,Roméo Lavia,full_name,chelsea
9983,Beto,486385,1.03,Norberto Bercique Gomes Betuncal,web_name,everton
9944,Gabriel Gudmundsson,243526,1.03,Gabriel Gudmundsson,full_name,leeds
9911,Piero Hincapié,448104,1.03,Piero Hincapié,full_name,arsenal
10542,Jamie Bynoe-Gittens,463936,1.03,Jamie Bynoe-Gittens,full_name,chelsea
10564,Leny Yoro,550864,1.03,Leny Yoro,full_name,man utd
10586,Tyler Dibling,496661,1.03,Tyler Dibling,full_name,everton
10696,Noussair Mazraoui,230001,1.03,Noussair Mazraoui,full_name,man utd
11070,Jørgen Strand Larsen,247412,1.03,Jørgen Strand Larsen,full_name,crystal palace
11003,Ryan Yates,204968,1.03,Ryan Yates,full_name,nott m forest
11000,Matheus Nunes,465351,1.03,Matheus Nunes,full_name,man city
10847,Rico Lewis,477064,1.03,Rico Lewis,full_name,man city
10822,Wilson Odobert,550839,1.03,Wilson Odobert,full_name,spurs
10809,Keane Lewis-Potter,249231,1.03,Keane Lewis-Potter,full_name,brentford
10802,Lisandro Martínez,221820,1.03,Lisandro Martínez,full_name,man utd
10764,Djed Spence,232859,1.03,Djed Spence,full_name,spurs
10760,Brennan Johnson,242898,1.03,Brennan Johnson,full_name,crystal palace
10751,Brenden Aaronson,427637,1.03,Brenden Aaronson,full_name,leeds
10747,James Hill,463981,1.03,James Hill,full_name,bournemouth
10744,Ryan Christie,158499,1.03,Ryan Christie,full_name,bournemouth
10741,Marcus Tavernier,201658,1.03,Marcus Tavernier,full_name,bournemouth
10721,Sepp van den Berg,444765,1.03,Sepp van den Berg,full_name,brentford
10697,Ryan Gravenberch,441266,1.03,Ryan Gravenberch,full_name,liverpool
9910,Anton Stach,466525,1.03,Anton Stach,full_name,leeds
9789,Brian Brobbey,441264,1.03,Brian Brobbey,full_name,sunderland
8640,Adrien Truffert,494521,1.03,Adrien Truffert,full_name,bournemouth
8920,Dilane Bakwa,476887,1.03,Dilane Bakwa,full_name,nott m forest
9017,Malo Gusto,482609,1.03,Malo Gusto,full_name,chelsea
8995,Hugo Ekitike,510663,1.03,Hugo Ekitiké,full_name,liverpool
8986,Omar Alderete,201895,1.03,Omar Alderete,full_name,sunderland
8981,Jéremy Doku,248875,1.03,Jérémy Doku,full_name,man city
87,Joelinton,180974,1.03,Joelinton Cássio Apolinário de Lira,web_name,newcastle
8941,Jacob Ramsey,232653,1.03,Jacob Ramsey,full_name,newcastle
8940,Antonee Robinson,169528,1.03,Antonee Robinson,full_name,fulham
8868,Liam Delap,463034,1.03,Liam Delap,full_name,chelsea
9788,Dominik Szoboszlai,424876,1.03,Dominik Szoboszlai,full_name,liverpool
8865,Ollie Watkins,178301,1.03,Ollie Watkins,full_name,aston villa
8859,Mikkel Damsgaard,440089,1.03,Mikkel Damsgaard,full_name,brentford
8853,Maxence Lacroix,437499,1.03,Maxence Lacroix,full_name,crystal palace
8720,Jack Harrison,221399,1.03,Jack Harrison,full_name,leeds
8706,Eberechi Eze,232413,1.03,Eberechi Eze,full_name,arsenal
8700,Xavi Simons,493362,1.03,Xavi Simons,full_name,spurs
8662,Dan Ndoye,456512,1.03,Dan Ndoye,full_name,nott m forest
9040,Conor Gallagher,232787,1.03,Conor Gallagher,full_name,spurs
9156,Kevin Schade,513418,1.03,Kevin Schade,full_name,brentford
9205,Jayden Bogle,226182,1.03,Jayden Bogle,full_name,leeds
9307,Iliman Ndiaye,440993,1.03,Iliman Ndiaye,full_name,everton
9780,Mathys Tel,511499,1.03,Mathys Tel,full_name,spurs
9767,Habib Diarra,547027,1.03,Habib Diarra,full_name,sunderland
9739,Kiernan Dewsbury-Hall,215413,1.03,Kiernan Dewsbury-Hall,full_name,everton
9733,Nathan Collins,432830,1.03,Nathan Collins,full_name,brentford
9680,Vitaly Janelt,204580,1.03,Vitaly Janelt,full_name,brentford
9679,Rico Henry,194010,1.03,Rico Henry,full_name,brentford
9678,Ethan Pinnock,231065,1.03,Ethan Pinnock,full_name,brentford
9677,Kristoffer Ajer,191866,1.03,Kristoffer Ajer,full_name,brentford
9667,Amadou Onana,449871,1.03,Amadou Onana,full_name,aston villa
9662,Dango Ouattara,533463,1.03,Dango Ouattara,full_name,brentford
9556,William Osula,538207,1.03,William Osula,full_name,newcastle
9554,Tim Iroegbunam,490094,1.03,Tim Iroegbunam,full_name,everton
9524,Anthony Elanga,449434,1.03,Anthony Elanga,full_name,newcastle
9332,Dane Scarlett,490145,1.03,Dane Scarlett,full_name,spurs
9328,Jeremie Frimpong,216094,1.03,Jeremie Frimpong,full_name,liverpool
11132,Ethan Nwaneri,499175,1.03,Ethan Nwaneri,full_name,arsenal
11155,Wilfried Gnonto,492859,1.03,Wilfried Gnonto,full_name,leeds
11167,Chadi Riad,515621,1.03,Chadi Riad Dnanou,web_name,crystal palace
13387,Romain Esse,606921,1.03,Romain Esse,full_name,crystal palace
13716,Noah Sadiki,577669,1.03,Noah Sadiki,full_name,sunderland
13713,Trai Hume,487676,1.03,Trai Hume,full_name,sunderland
13711,Maxim De Cuyper,465730,1.03,Maxim De Cuyper,full_name,brighton
13692,Rio Ngumoha,611922,1.03,Rio Ngumoha,full_name,liverpool
13532,Sean Neave,599303,1.03,Sean Neave,full_name,newcastle
13476,Shumaira Mheuka,567119,1.03,Shumaira Mheuka,full_name,chelsea
13392,Andrés García,606798,1.03,Andrés García,full_name,aston villa
13298,Max Alleyne,494307,1.03,Max Alleyne,full_name,man city
11174,Kobbie Mainoo,516895,1.03,Kobbie Mainoo,full_name,man utd
13222,Thiago,502500,1.03,Igor Thiago Nascimento Rodrigues,web_name,brentford
13150,Jack Fletcher,547037,1.03,Jack Fletcher,full_name,man utd
13091,Jaydee Canvot,651426,1.03,Jaydee Canvot,full_name,crystal palace
13080,Ayden Heaven,606745,1.03,Ayden Heaven,full_name,man utd
13068,Morato,485047,1.03,Felipe Rodrigues da Silva,web_name,nott m forest
13038,Justin Devenny,489706,1.03,Justin Devenny,full_name,crystal palace
12963,Evanilson,444102,1.03,Francisco Evanilson de Lima Barbosa,web_name,bournemouth
13717,Chemsdine Talbi,549912,1.03,Chemsdine Talbi,full_name,sunderland
13719,Chris Rigg,554197,1.03,Chris Rigg,full_name,sunderland
13775,Estêvão,624773,1.03,Estêvão Almeida de Oliveira Gonçalves,web_name,chelsea
13776,Jorrel Hato,551210,1.03,Jorrel Hato,full_name,chelsea
14424,Nilson Angulo,536661,1.03,Nilson Angulo,full_name,sunderland
14410,Souza,616221,1.03,João Victor de Souza Menezes,web_name,spurs
14395,Rayan,499604,1.03,Rayan Vitor Simplício Rocha,web_name,bournemouth
14374,Alex Tóth,614574,1.03,Alex Tóth,full_name,bournemouth
14198,Shea Lacey,576628,1.03,Shea Lacey,full_name,man utd
14193,George Hemmings,577285,1.03,George Hemmings,full_name,aston villa
14118,Charalampos Kostoulas,647850,1.03,Charalampos Kostoulas,full_name,brighton
14030,Kevin,560552,1.03,Kevin Santos Lopes de Macedo,web_name,fulham
14029,Tom Watson,549074,1.03,Tom Watson,full_name,brighton
14028,Stefanos Tzimas,608181,1.03,Stefanos Tzimas,full_name,brighton
14027,Veljko Milosavljevic,620487,1.03,Veljko Milosavljevic,full_name,bournemouth
13872,Max Dowman,616077,1.03,Max Dowman,full_name,arsenal
13835,Joël Piroe,235826,1.03,Joël Piroe,full_name,leeds
13778,Igor Jesus,482973,1.03,Igor Jesus Maciel da Cruz,web_name,nott m forest
13777,Rio Cardines,590014,1.03,Rio Cardines,full_name,crystal palace
12916,Thierno Barry,586309,1.03,Thierno Barry,full_name,everton
12912,Lucas Bergvall,570526,1.03,Lucas Bergvall,full_name,spurs
12905,Nicolò Savona,500151,1.03,Nicolò Savona,full_name,nott m forest
11711,Bart Verbruggen,489639,1.03,Bart Verbruggen,full_name,brighton
11709,Milos Kerkez,544877,1.03,Milos Kerkez,full_name,liverpool
11707,Jurriën Timber,445122,1.03,Jurriën Timber,full_name,arsenal
11633,Marc Guiu,499309,1.03,Marc Guiu Paz,web_name,chelsea
11461,Romaine Mundle,461199,1.03,Romaine Mundle,full_name,sunderland
11386,Lewis Miley,547719,1.03,Lewis Miley,full_name,newcastle
11385,Yasin Ayari,509416,1.03,Yasin Ayari,full_name,brighton
11363,Antoine Semenyo,437730,1.03,Antoine Semenyo,full_name,man city
11362,Facundo Buonanotte,536916,1.03,Facundo Buonanotte,full_name,brighton
11357,Noni Madueke,248857,1.03,Noni Madueke,full_name,arsenal
11356,Enzo Fernández,448047,1.03,Enzo Fernández,full_name,chelsea
11331,Merlin Röhl,513466,1.03,Merlin Röhl,full_name,everton
11296,Cody Gakpo,243298,1.03,Cody Gakpo,full_name,liverpool
11281,Michael Kayode,607464,1.03,Michael Kayode,full_name,brentford
11269,Jack Hinshelwood,532529,1.03,Jack Hinshelwood,full_name,brighton
11253,Mamadou Sarr,574458,1.03,Mamadou Sarr,full_name,chelsea
11710,Simon Adingra,535818,1.03,Simon Adingra,full_name,sunderland
11728,Calvin Bassey,232892,1.03,Calvin Bassey,full_name,fulham
12759,Yankuba Minteh,592031,1.03,Yankuba Minteh,full_name,brighton
11807,Ian Maatsen,441302,1.03,Ian Maatsen,full_name,aston villa
12758,Mats Wieffer,467779,1.03,Mats Wieffer,full_name,brighton
12757,Harrison Armstrong,609873,1.03,Harrison Armstrong,full_name,everton
12726,Christantus Uche,660392,1.03,Christantus Uche,full_name,crystal palace
12573,Tyrique George,550615,1.03,Tyrique George,full_name,everton
12535,Josh Acheampong,577016,1.03,Josh Acheampong,full_name,chelsea
12409,Adam Wharton,496221,1.03,Adam Wharton,full_name,crystal palace
12272,Myles Lewis-Skelly,499169,1.03,Myles Lewis-Skelly,full_name,arsenal
12149,Alex Scott,503139,1.03,Alex Scott,full_name,bournemouth
12123,Murillo,575476,1.03,Murillo Costa dos Santos,web_name,nott m forest
12027,Mohammed Kudus,460842,1.03,Mohammed Kudus,full_name,spurs
11974,Benjamin Sesko,485711,1.03,Benjamin Sesko,full_name,man utd
11966,Noah Okafor,435997,1.03,Noah Okafor,full_name,leeds
11965,Tijjani Reijnders,433036,1.03,Tijjani Reijnders,full_name,man city
11944,Patrick Dorgu,596777,1.03,Patrick Dorgu,full_name,man utd
11903,Oscar Bobb,477555,1.03,Oscar Bobb,full_name,fulham
8651,Enzo Le Fée,484420,1.03,Enzo Le Fée,full_name,sunderland
8942,Aaron Hickey,472713,1.03,Aaron Hickey,full_name,brentford
8635,Sven Botman,220237,1.03,Sven Botman,full_name,newcastle
6026,Richarlison,212319,1.03,Richarlison de Andrade,web_name,spurs
6145,Daichi Kamada,209400,1.03,Daichi Kamada,full_name,crystal palace
6108,Rodrigo Bentancur,202993,1.03,Rodrigo Bentancur,full_name,spurs
6104,Will Hughes,108413,1.03,Will Hughes,full_name,crystal palace
6080,Victor Lindelöf,184667,1.03,Victor Lindelöf,full_name,aston villa
6063,Jacob Murphy,114243,1.03,Jacob Murphy,full_name,newcastle
6055,Phil Foden,209244,1.03,Phil Foden,full_name,man city
6048,Lewis Dunk,83299,1.03,Lewis Dunk,full_name,brighton
5973,Kenny Tete,167074,1.03,Kenny Tete,full_name,fulham
6820,David Brooks,111317,1.03,David Brooks,full_name,bournemouth
5789,Boubacar Kamara,226944,1.03,Boubacar Kamara,full_name,aston villa
5786,Yoane Wissa,216646,1.03,Yoane Wissa,full_name,newcastle
5735,Jean-Philippe Mateta,231747,1.03,Jean-Philippe Mateta,full_name,crystal palace
5722,Ibrahim Sangare,210462,1.03,Ibrahim Sangaré,full_name,nott m forest
5675,Ismaila Sarr,232185,1.03,Ismaïla Sarr,full_name,crystal palace
5659,Nordi Mukiele,200834,1.03,Nordi Mukiele,full_name,sunderland
5613,Gabriel,226597,1.03,Gabriel dos Santos Magalhães,web_name,arsenal
6157,Timothy Castagne,166477,1.03,Timothy Castagne,full_name,fulham
6174,Nikola Milenkovic,227444,1.03,Nikola Milenković,full_name,nott m forest
6219,Enes Ünal,168636,1.03,Enes Ünal,full_name,bournemouth
6221,Pau Torres,244954,1.03,Pau Torres,full_name,aston villa
6807,Jaka Bijol,434752,1.03,Jaka Bijol,full_name,leeds
6756,Dwight McNeil,433154,1.03,Dwight McNeil,full_name,everton
6681,Harvey Barnes,201666,1.03,Harvey Barnes,full_name,newcastle
6674,Rayan Ait Nouri,448514,1.03,Rayan Aït-Nouri,full_name,man city
6665,Curtis Jones,206915,1.03,Curtis Jones,full_name,liverpool
6630,Joe Willock,200089,1.03,Joe Willock,full_name,newcastle
6615,Trevoh Chalobah,180736,1.03,Trevoh Chalobah,full_name,chelsea
6552,Bryan Mbeumo,446008,1.03,Bryan Mbeumo,full_name,man utd
6544,Lukas Nmecha,174594,1.03,Lukas Nmecha,full_name,leeds
6492,Reiss Nelson,200641,1.03,Reiss Nelson,full_name,arsenal
6482,Eddie Nketiah,205533,1.03,Eddie Nketiah,full_name,crystal palace
8497,Cole Palmer,244851,1.03,Cole Palmer,full_name,chelsea
6377,Joe Rodon,214225,1.03,Joe Rodon,full_name,leeds
6369,Ethan Ampadu,199598,1.03,Ethan Ampadu,full_name,leeds
6314,Joachim Andersen,174874,1.03,Joachim Andersen,full_name,fulham
5595,Daniel James,200617,1.03,Daniel James,full_name,leeds
5590,Tosin Adarabioyo,109646,1.03,Tosin Adarabioyo,full_name,chelsea
5555,Dominic Calvert-Lewin,177815,1.03,Dominic Calvert-Lewin,full_name,leeds
1024,Tyrone Mings,149484,1.03,Tyrone Mings,full_name,aston villa
910,Harrison Reed,153366,1.03,Harrison Reed,full_name,fulham
833,Virgil van Dijk,97032,1.03,Virgil van Dijk,full_name,liverpool
825,Adam Smith,54469,1.03,Adam Smith,full_name,bournemouth
741,Jordan Pickford,111234,1.03,Jordan Pickford,full_name,everton
725,Ola Aina,159506,1.03,Ola Aina,full_name,nott m forest
702,Tammy Abraham,173879,1.03,Tammy Abraham,full_name,aston villa
675,Jack Grealish,114283,1.03,Jack Grealish,full_name,man city
660,Ben Davies,115556,1.03,Ben Davies,full_name,spurs
605,Jordan Henderson,56979,1.03,Jordan Henderson,full_name,brentford
592,Ross Barkley,88894,1.03,Ross Barkley,full_name,aston villa
501,Danny Welbeck,50175,1.03,Danny Welbeck,full_name,brighton
500,Alex Iwobi,153133,1.03,Alex Iwobi,full_name,fulham
239,Pascal Groß,60307,1.03,Pascal Groß,full_name,brighton
204,Granit Xhaka,84450,1.03,Granit Xhaka,full_name,sunderland
181,Bernd Leno,80201,1.03,Bernd Leno,full_name,fulham
1006,Luke Shaw,106760,1.03,Luke Shaw,full_name,man utd
1433,Federico Chiesa,223541,1.03,Federico Chiesa,full_name,liverpool
5553,Declan Rice,204480,1.03,Declan Rice,full_name,arsenal
1537,Sasa Lukic,212314,1.03,Saša Lukić,full_name,fulham
5552,Nick Pope,98747,1.03,Nick Pope,full_name,newcastle
5261,Kevin Danso,135720,1.03,Kevin Danso,full_name,spurs
5232,Alexander Isak,219168,1.03,Alexander Isak,full_name,liverpool
5221,Leon Bailey,215711,1.03,Leon Bailey,full_name,aston villa
5220,Kai Havertz,219847,1.03,Kai Havertz,full_name,arsenal
4456,Chris Wood,60689,1.03,Chris Wood,full_name,nott m forest
3645,Olivier Boscagli,204120,1.03,Olivier Boscagli,full_name,brighton
2517,Martin Odegaard,184029,1.03,Martin Ødegaard,full_name,arsenal
2254,Mateo Kovacic,91651,1.03,Mateo Kovačić,full_name,man city
1823,Lucas Digne,101188,1.03,Lucas Digne,full_name,aston villa
1789,Lewis Cook,155408,1.03,Lewis Cook,full_name,bournemouth
1760,Arthur Masuaku,105717,1.03,Arthur Masuaku,full_name,sunderland
1687,Harry Maguire,95658,1.03,Harry Maguire,full_name,man utd
1665,James Tarkowski,17761,1.03,James Tarkowski,full_name,everton
1653,Michael Keane,106611,1.03,Michael Keane,full_name,everton
6818,James Maddison,172780,1.03,James Maddison,full_name,spurs
6456,Callum Hudson-Odoi,209046,1.03,Callum Hudson-Odoi,full_name,nott m forest
6835,Tom Cairney,76357,1.03,Tom Cairney,full_name,fulham
7438,James Garner,232928,1.03,James Garner,full_name,everton
7589,Wesley Fofana,444463,1.03,Wesley Fofana,full_name,chelsea
7603,Marc Guehi,209036,1.03,Marc Guéhi,full_name,man city
7702,Dean Henderson,172649,1.03,Dean Henderson,full_name,crystal palace
7723,John McGinn,122806,1.03,John McGinn,full_name,aston villa
7726,Ezri Konsa Ngoyo,199798,1.03,Ezri Konsa Ngoyo,full_name,aston villa
7753,James Justin,220627,1.03,James Justin,full_name,leeds
7768,Mason Mount,184341,1.03,Mason Mount,full_name,man utd
7791,Sebastiaan Bornauw,437738,1.03,Sebastiaan Bornauw,full_name,leeds
6837,Ryan Sessegnon,184349,1.03,Ryan Sessegnon,full_name,fulham
7902,Matthijs de Ligt,209365,1.03,Matthijs de Ligt,full_name,man utd
8000,Ilia Gruev,486520,1.03,Ilia Gruev,full_name,leeds
8006,Evann Guessand,485337,1.03,Evann Guessand,full_name,aston villa
8044,Joshua Zirkzee,458249,1.03,Joshua Zirkzee,full_name,man utd
8067,Reece James,225796,1.03,Reece James,full_name,chelsea
8117,Nick Woltemade,470313,1.03,Nick Woltemade,full_name,newcastle
8129,Riccardo Calafiori,466075,1.03,Riccardo Calafiori,full_name,arsenal
8204,Neco Williams,215136,1.03,Neco Williams,full_name,nott m forest
8211,Amine Adli,489888,1.03,Amine Adli,full_name,bournemouth
8214,Tyrick Mitchell,244723,1.03,Tyrick Mitchell,full_name,crystal palace
8252,Nicolás Domínguez,250199,1.03,Nicolás Domínguez,full_name,nott m forest
8260,Erling Haaland,223094,1.03,Erling Haaland,full_name,man city
8272,João Pedro,475168,1.03,João Pedro Junqueira de Jesus,web_name,chelsea
8285,Sander Berge,207189,1.03,Sander Berge,full_name,fulham
8378,Malick Thiaw,465642,1.03,Malick Thiaw,full_name,newcastle
8379,Alexis Mac Allister,243016,1.03,Alexis Mac Allister,full_name,liverpool
8393,Omar Marmoush,438234,1.03,Omar Marmoush,full_name,man city
8397,Florian Wirtz,494595,1.03,Florian Wirtz,full_name,liverpool
8430,Chris Richards,427623,1.03,Chris Richards,full_name,crystal palace
8476,Jarrad Branthwaite,480455,1.03,Jarrad Branthwaite,full_name,everton
7546,Harvey Elliott,444884,1.03,Harvey Elliott,full_name,liverpool
7814,Taiwo Awoniyi,210156,1.03,Taiwo Awoniyi,full_name,nott m forest
7432,Reinildo,434399,1.03,Reinildo Mandava,web_name,sunderland
7240,Benoit Badiashile Mukinayi,242880,1.03,Benoît Badiashile Mukinayi,full_name,chelsea
7254,Viktor Gyokeres,224117,1.03,Viktor Gyökeres,full_name,arsenal
7218,Cristian Romero,221632,1.03,Cristian Romero,full_name,spurs
7268,Bafode Diakite,242882,1.03,Bafodé Diakité,full_name,bournemouth
7166,Mathias Jensen,207283,1.03,Mathias Jensen,full_name,brentford
7148,Wilson Isidor,437505,1.03,Wilson Isidor,full_name,sunderland
7083,Christian Nørgaard,128295,1.03,Christian Nørgaard,full_name,arsenal
7078,Sean Longstaff,180135,1.03,Sean Longstaff,full_name,leeds
7322,Bukayo Saka,223340,1.03,Bukayo Saka,full_name,arsenal
7075,Borna Sosa,218364,1.03,Borna Sosa,full_name,crystal palace
6963,Justin Kluivert,222683,1.03,Justin Kluivert,full_name,bournemouth
7352,Tyler Adams,200785,1.03,Tyler Adams,full_name,bournemouth
7382,Dan Burn,78916,1.03,Dan Burn,full_name,newcastle
6937,Georginio Rutter,463067,1.03,Georginio Rutter,full_name,brighton
6912,Pedro Porro,441164,1.03,Pedro Porro Sauceda,web_name,spurs
6888,William Saliba,462424,1.03,William Saliba,full_name,arsenal
6885,Axel Disasi,220362,1.03,Axel Disasi,full_name,chelsea
6857,Morgan Gibbs-White,222531,1.03,Morgan Gibbs-White,full_name,nott m forest
7230,Emile Smith-Rowe,209289,1.03,Emile Smith Rowe,full_name,fulham
7752,Gabriel Martinelli,444145,0.9585714285714286,Gabriel Martinelli Silva,full_name,arsenal
2203,Emiliano Buendía,195546,0.9563157894736842,Emiliano Buendía Stati,full_name,aston villa
2182,Jefferson Lerma,152551,0.9550000000000001,Jefferson Lerma Solís,full_name,crystal palace
4401,Emiliano Martinez,98980,0.9543902439024391,Emiliano Martínez Romero,full_name,aston villa
11297,Carlos Alcaraz,502697,0.953529411764706,Carlos Alcaraz Durán,full_name,everton
7526,Martín Zubimendi,481655,0.9530769230769232,Martín Zubimendi Ibáñez,full_name,arsenal
9453,Moisés Caicedo,486672,0.9500000000000001,Moisés Caicedo Corozo,full_name,chelsea
5304,Mikel Merino,195384,0.9500000000000001,Mikel Merino Zazón,full_name,arsenal
12408,Daniel Muñoz,247348,0.9500000000000001,Daniel Muñoz Mejía,full_name,crystal palace
1679,Dominic Solanke,154566,0.9453846153846155,Dominic Solanke-Mitchell,full_name,spurs
11766,Manuel Ugarte,232112,0.9447058823529412,Manuel Ugarte Ribeiro,full_name,man utd
8489,Jorge Cuenca,246301,0.9425,Jorge Cuenca Barreno,full_name,fulham
9802,Nico González,465694,0.9414285714285715,Nico González Iglesias,full_name,man city
10717,Rodrigo Muniz,244042,0.9414285714285715,Rodrigo Muniz Carvalho,full_name,fulham
7281,Diogo Dalot,216051,0.9364516129032259,Diogo Dalot Teixeira,full_name,man utd
13364,Diego Gómez,514254,0.9364516129032259,Diego Gómez Amarilla,full_name,brighton
1257,Alisson,116535,0.905,Alisson Becker,full_name,liverpool
8327,Bruno Guimarães,208706,0.9028260869565218,Bruno Guimarães Rodriguez Moura,full_name,newcastle
13779,Jair,575458,0.8907142857142858,Jair Paula da Cunha Filho,web_name,nott m forest
13834,Ao Tanaka,248056,0.8300000000000001,Tanaka Ao,full_name,leeds
8808,Wataru Endo,158983,0.8118181818181819,Endo Wataru,full_name,liverpool
10806,Kaoru Mitoma,451340,0.805,Mitoma Kaoru,full_name,brighton
1228,Bruno Fernandes,141746,0.8016216216216216,Bruno Borges Fernandes,full_name,man utd
6382,Pedro Neto,247632,0.7953846153846155,Pedro Lomba Neto,full_name,chelsea
9021,Pape Sarr,482442,0.7925,Pape Matar Sarr,full_name,spurs
10805,Levi Colwill,460028,0.7925,Levi Samuels Colwill,full_name,chelsea
7943,Igor Julio,223434,0.7890000000000001,Igor Julio dos Santos de Paulo,full_name,brighton
11231,Ben Doak,496208,0.7843478260869565,Ben Gannon-Doak,full_name,bournemouth
14446,Alysson Edward,653481,0.7836831168831169,Alysson Edward Franco da Rocha dos Santos,full_name,aston villa
5543,Gabriel Jesus,205651,0.7576315789473684,Gabriel Fernando de Jesus,full_name,arsenal
11735,Sávio,510281,0.7545000000000002,Sávio Moreira de Oliveira,full_name,man city
9501,Fabio Carvalho,244858,0.7504545454545455,Fábio Freitas Gouveia Carvalho,full_name,brentford
2496,Rodri,220566,0.7457972972972974,Rodrigo 'Rodri' Hernandez Cascante,full_name,man city
11592,Nico O&#039;Reilly,472769,0.6925,Nico O'Reilly,full_name,man city
13206,Matt O&#039;Riley,219249,0.6910714285714286,Matt O'Riley,full_name,brighton
12014,Jake O&#039;Brien,512462,0.6910714285714286,Jake O'Brien,full_name,everton
14099,Luke O&#039;Nien,167512,0.6894230769230769,Luke O'Nien,full_name,sunderland
7080,Matheus Cunha,430871,0.6709333333333335,Matheus Santos Carneiro da Cunha,full_name,man utd
8961,Rúben Dias,171314,0.6477142857142858,Rúben dos Santos Gato Alves Dias,full_name,man city
11504,Eli Junior Kroupi,560262,0.6466666666666667,Junior Kroupi,full_name,bournemouth
8056,Arnaud Kalimuendo Muinga,465680,0.6410569105691057,Arnaud Kalimuendo,full_name,nott m forest
8831,Iyenoma Destiny Udogie,487053,0.6333333333333334,Destiny Udogie,full_name,spurs
8127,Amad Diallo Traore,493250,0.6304597701149426,Amad Diallo,full_name,man utd
13715,Dan Ballard,223827,0.5416666666666667,Daniel Ballard,web_name,sunderland
7298,Ben White,198869,0.5321428571428571,Benjamin White,web_name,arsenal
12032,Djordje Petrovic,457569,0.525,Đorđe Petrović,web_name,bournemouth
9512,Valentino Livramento,441191,0.525,Tino Livramento,web_name,newcastle
8094,Mathis Cherki,466052,0.5197368421052632,Rayan Cherki,web_name,man city
11763,Abduqodir Khusanov,578153,0.5173076923076924,Abdukodir Khusanov,web_name,man city
987,Joseph Gomez,171287,0.5132352941176471,Joe Gomez,web_name,liverpool
12410,Joshua King,577725,0.505,Josh King,web_name,fulham
8864,Matthew Cash,199796,0.5,Matty Cash,web_name,aston villa
12203,Treymaurice Nyoni,591386,0.4931818181818182,Trey Nyoni,web_name,liverpool
11772,Yehor Yarmolyuk,508395,0.49,Yehor Yarmoliuk,full_name,brentford
13066,Ferdi Kadioglu,231416,0.4892857142857143,Ferdi Kadıoğlu,full_name,brighton
9024,Yeremi Pino,488024,1.0,Yéremy Pino Santos,web_name,crystal palace
